Datetime,close,high,low,open,volume
2024-11-25 00:00:00+00:00,2360.0,2375.0,2350.0,2350.0,0
2024-11-25 01:00:00+00:00,2330.0,2360.0,2325.0,2360.0,28428005
2024-11-25 02:00:00+00:00,2325.0,2335.0,2320.0,2330.0,7309696
2024-11-25 03:00:00+00:00,2340.0,2340.0,2320.0,2325.0,4523770
2024-11-25 04:00:00+00:00,2340.0,2345.0,2330.0,2340.0,5531874
2024-11-25 05:00:00+00:00,2330.0,2345.0,2330.0,2340.0,6797408
2024-11-26 00:00:00+00:00,2375.0,2385.0,2355.0,2370.0,47040214
2024-11-26 01:00:00+00:00,2360.0,2380.0,2355.0,2370.0,15977197
2024-11-26 02:00:00+00:00,2365.0,2375.0,2360.0,2360.0,7469545
2024-11-26 03:00:00+00:00,2365.0,2370.0,2360.0,2365.0,2300031
2024-11-26 04:00:00+00:00,2370.0,2375.0,2360.0,2365.0,3446533
2024-11-26 05:00:00+00:00,2360.0,2370.0,2355.0,2370.0,8902974
2024-11-27 00:00:00+00:00,2380.0,2400.0,2370.0,2375.0,30574189
2024-11-27 01:00:00+00:00,2370.0,2385.0,2355.0,2385.0,26719069
2024-11-27 02:00:00+00:00,2370.0,2375.0,2360.0,2370.0,8342854
2024-11-27 03:00:00+00:00,2380.0,2390.0,2370.0,2370.0,14169178
2024-11-27 04:00:00+00:00,2400.0,2400.0,2375.0,2380.0,7960333
2024-11-27 05:00:00+00:00,2410.0,2415.0,2390.0,2400.0,7946959
2024-11-28 00:00:00+00:00,2400.0,2425.0,2395.0,2410.0,37366143
2024-11-28 01:00:00+00:00,2410.0,2415.0,2390.0,2400.0,14911119
2024-11-28 02:00:00+00:00,2400.0,2420.0,2400.0,2415.0,10431814
2024-11-28 03:00:00+00:00,2415.0,2415.0,2400.0,2405.0,7080626
2024-11-28 04:00:00+00:00,2410.0,2420.0,2405.0,2415.0,7333721
2024-11-28 05:00:00+00:00,2415.0,2420.0,2405.0,2415.0,6426962
2024-11-29 00:00:00+00:00,2515.0,2520.0,2425.0,2425.0,53505186
2024-11-29 01:00:00+00:00,2510.0,2540.0,2490.0,2515.0,31663264
2024-11-29 02:00:00+00:00,2500.0,2510.0,2495.0,2505.0,10887507
2024-11-29 03:00:00+00:00,2490.0,2500.0,2480.0,2500.0,7646677
2024-11-29 04:00:00+00:00,2475.0,2495.0,2470.0,2490.0,11441108
2024-11-29 05:00:00+00:00,2505.0,2515.0,2470.0,2475.0,15764225
2024-12-02 00:00:00+00:00,2490.0,2495.0,2445.0,2450.0,0
2024-12-02 01:00:00+00:00,2485.0,2500.0,2470.0,2490.0,30293075
2024-12-02 02:00:00+00:00,2505.0,2505.0,2485.0,2485.0,7472005
2024-12-02 03:00:00+00:00,2510.0,2515.0,2500.0,2500.0,8973394
2024-12-02 04:00:00+00:00,2470.0,2515.0,2455.0,2515.0,40660609
2024-12-02 05:00:00+00:00,2475.0,2485.0,2465.0,2470.0,20706825
2024-12-03 00:00:00+00:00,2440.0,2470.0,2430.0,2465.0,52470855
2024-12-03 01:00:00+00:00,2420.0,2450.0,2410.0,2440.0,33053810
2024-12-03 02:00:00+00:00,2425.0,2435.0,2415.0,2420.0,13436513
2024-12-03 03:00:00+00:00,2420.0,2430.0,2410.0,2430.0,7068420
2024-12-03 04:00:00+00:00,2420.0,2425.0,2410.0,2420.0,9302200
2024-12-03 05:00:00+00:00,2415.0,2425.0,2410.0,2420.0,15091236
2024-12-04 00:00:00+00:00,2505.0,2525.0,2450.0,2505.0,99739588
2024-12-04 01:00:00+00:00,2510.0,2520.0,2485.0,2505.0,26045546
2024-12-04 02:00:00+00:00,2495.0,2520.0,2495.0,2505.0,11621687
2024-12-04 03:00:00+00:00,2500.0,2515.0,2495.0,2495.0,9549200
2024-12-04 04:00:00+00:00,2505.0,2510.0,2495.0,2500.0,9229747
2024-12-04 05:00:00+00:00,2490.0,2520.0,2480.0,2510.0,18897970
2024-12-05 00:00:00+00:00,2495.0,2515.0,2475.0,2485.0,49083520
2024-12-05 01:00:00+00:00,2500.0,2510.0,2485.0,2490.0,14627150
2024-12-05 02:00:00+00:00,2500.0,2505.0,2490.0,2505.0,9928869
2024-12-05 03:00:00+00:00,2505.0,2515.0,2495.0,2495.0,6162934
2024-12-05 04:00:00+00:00,2500.0,2520.0,2500.0,2510.0,8761384
2024-12-05 05:00:00+00:00,2525.0,2545.0,2500.0,2500.0,16406483
2024-12-06 00:00:00+00:00,2520.0,2530.0,2485.0,2515.0,44852957
2024-12-06 01:00:00+00:00,2590.0,2630.0,2515.0,2520.0,68426539
2024-12-06 02:00:00+00:00,2550.0,2595.0,2530.0,2590.0,36372326
2024-12-06 03:00:00+00:00,2565.0,2565.0,2540.0,2550.0,10615129
2024-12-06 04:00:00+00:00,2555.0,2585.0,2545.0,2565.0,18400181
2024-12-06 05:00:00+00:00,2530.0,2565.0,2525.0,2555.0,16722302
2024-12-09 00:00:00+00:00,2615.0,2660.0,2605.0,2620.0,0
2024-12-09 01:00:00+00:00,2630.0,2640.0,2610.0,2615.0,14332926
2024-12-09 02:00:00+00:00,2655.0,2665.0,2625.0,2630.0,14231737
2024-12-09 03:00:00+00:00,2665.0,2665.0,2645.0,2655.0,9347574
2024-12-09 04:00:00+00:00,2665.0,2680.0,2655.0,2665.0,14686662
2024-12-09 05:00:00+00:00,2670.0,2680.0,2655.0,2660.0,11629487
2024-12-10 00:00:00+00:00,2590.0,2630.0,2580.0,2625.0,52731234
2024-12-10 01:00:00+00:00,2580.0,2590.0,2565.0,2590.0,24163259
2024-12-10 02:00:00+00:00,2575.0,2580.0,2560.0,2575.0,9487282
2024-12-10 03:00:00+00:00,2585.0,2595.0,2570.0,2575.0,11462269
2024-12-10 04:00:00+00:00,2575.0,2585.0,2565.0,2585.0,7474085
2024-12-10 05:00:00+00:00,2570.0,2575.0,2560.0,2570.0,11022011
2024-12-11 00:00:00+00:00,2535.0,2595.0,2530.0,2590.0,43935407
2024-12-11 01:00:00+00:00,2525.0,2545.0,2520.0,2530.0,16929261
2024-12-11 02:00:00+00:00,2540.0,2550.0,2525.0,2525.0,9713270
2024-12-11 03:00:00+00:00,2535.0,2545.0,2530.0,2540.0,4532911
2024-12-11 04:00:00+00:00,2530.0,2545.0,2525.0,2535.0,8658586
2024-12-11 05:00:00+00:00,2520.0,2540.0,2515.0,2530.0,14166827
2024-12-12 00:00:00+00:00,2495.0,2505.0,2460.0,2485.0,35245360
2024-12-12 01:00:00+00:00,2485.0,2510.0,2475.0,2495.0,11037446
2024-12-12 02:00:00+00:00,2500.0,2500.0,2480.0,2480.0,5354018
2024-12-12 03:00:00+00:00,2495.0,2505.0,2490.0,2500.0,7318705
2024-12-12 04:00:00+00:00,2470.0,2500.0,2465.0,2495.0,9295597
2024-12-12 05:00:00+00:00,2445.0,2470.0,2440.0,2465.0,23736361
2024-12-13 00:00:00+00:00,2460.0,2470.0,2435.0,2450.0,30612806
2024-12-13 01:00:00+00:00,2450.0,2465.0,2440.0,2455.0,12015675
2024-12-13 02:00:00+00:00,2420.0,2455.0,2410.0,2450.0,15287084
2024-12-13 03:00:00+00:00,2420.0,2425.0,2410.0,2425.0,5970627
2024-12-13 04:00:00+00:00,2415.0,2420.0,2400.0,2415.0,10944303
2024-12-13 05:00:00+00:00,2415.0,2430.0,2405.0,2415.0,9332707
2024-12-16 00:00:00+00:00,2405.0,2410.0,2375.0,2390.0,0
2024-12-16 01:00:00+00:00,2420.0,2430.0,2400.0,2405.0,12286513
2024-12-16 02:00:00+00:00,2425.0,2430.0,2410.0,2420.0,8739339
2024-12-16 03:00:00+00:00,2440.0,2440.0,2420.0,2425.0,5571367
2024-12-16 04:00:00+00:00,2440.0,2445.0,2430.0,2440.0,7233666
2024-12-16 05:00:00+00:00,2450.0,2450.0,2430.0,2440.0,8616283
2024-12-17 00:00:00+00:00,2475.0,2485.0,2440.0,2445.0,36158523
2024-12-17 01:00:00+00:00,2470.0,2480.0,2465.0,2475.0,8992684
2024-12-17 02:00:00+00:00,2480.0,2480.0,2465.0,2470.0,5054237
2024-12-17 03:00:00+00:00,2490.0,2490.0,2475.0,2480.0,6322952
2024-12-17 04:00:00+00:00,2490.0,2500.0,2480.0,2490.0,8950990
2024-12-17 05:00:00+00:00,2500.0,2505.0,2490.0,2490.0,8699907
2024-12-18 00:00:00+00:00,2455.0,2485.0,2445.0,2485.0,36591138
2024-12-18 01:00:00+00:00,2445.0,2455.0,2435.0,2455.0,15495673
2024-12-18 02:00:00+00:00,2435.0,2450.0,2435.0,2445.0,5941253
2024-12-18 03:00:00+00:00,2445.0,2450.0,2435.0,2435.0,3300929
2024-12-18 04:00:00+00:00,2430.0,2450.0,2420.0,2450.0,13752508
2024-12-18 05:00:00+00:00,2415.0,2435.0,2410.0,2430.0,13226446
2024-12-19 00:00:00+00:00,2530.0,2565.0,2515.0,2555.0,57126239
2024-12-19 01:00:00+00:00,2530.0,2550.0,2520.0,2525.0,20094672
2024-12-19 02:00:00+00:00,2520.0,2535.0,2520.0,2530.0,7179589
2024-12-19 03:00:00+00:00,2530.0,2540.0,2510.0,2520.0,11655380
2024-12-19 04:00:00+00:00,2520.0,2530.0,2510.0,2530.0,11350636
2024-12-19 05:00:00+00:00,2545.0,2545.0,2515.0,2520.0,11218742
2024-12-20 00:00:00+00:00,2605.0,2625.0,2565.0,2570.0,51596350
2024-12-20 01:00:00+00:00,2625.0,2625.0,2590.0,2605.0,14449711
2024-12-20 02:00:00+00:00,2625.0,2630.0,2615.0,2625.0,6931372
2024-12-20 03:00:00+00:00,2630.0,2635.0,2620.0,2625.0,8699654
2024-12-20 04:00:00+00:00,2635.0,2655.0,2625.0,2630.0,15895862
2024-12-20 05:00:00+00:00,2635.0,2645.0,2625.0,2640.0,9605229
2024-12-23 00:00:00+00:00,2580.0,2590.0,2555.0,2565.0,0
2024-12-23 01:00:00+00:00,2525.0,2580.0,2515.0,2580.0,30707730
2024-12-23 02:00:00+00:00,2520.0,2535.0,2515.0,2525.0,7813478
2024-12-23 03:00:00+00:00,2515.0,2520.0,2510.0,2515.0,7764876
2024-12-23 04:00:00+00:00,2515.0,2525.0,2505.0,2515.0,12734468
2024-12-23 05:00:00+00:00,2520.0,2525.0,2505.0,2520.0,12824327
2024-12-24 00:00:00+00:00,2540.0,2545.0,2495.0,2505.0,22654793
2024-12-24 01:00:00+00:00,2530.0,2545.0,2520.0,2540.0,9068961
2024-12-24 02:00:00+00:00,2535.0,2540.0,2525.0,2535.0,6612465
2024-12-24 03:00:00+00:00,2530.0,2540.0,2525.0,2540.0,6742776
2024-12-24 04:00:00+00:00,2515.0,2535.0,2515.0,2530.0,4999012
2024-12-24 05:00:00+00:00,2525.0,2535.0,2510.0,2520.0,7800976
2024-12-26 00:00:00+00:00,2525.0,2540.0,2505.0,2505.0,0
2024-12-26 01:00:00+00:00,2540.0,2545.0,2510.0,2520.0,16541629
2024-12-26 02:00:00+00:00,2535.0,2545.0,2530.0,2540.0,10394538
2024-12-26 03:00:00+00:00,2525.0,2540.0,2520.0,2530.0,4148298
2024-12-26 04:00:00+00:00,2555.0,2555.0,2525.0,2530.0,11801319
2024-12-26 05:00:00+00:00,2550.0,2560.0,2540.0,2555.0,9983632
2024-12-27 00:00:00+00:00,2555.0,2575.0,2535.0,2560.0,44498563
2024-12-27 01:00:00+00:00,2585.0,2590.0,2545.0,2555.0,17414516
2024-12-27 02:00:00+00:00,2605.0,2610.0,2585.0,2590.0,17978604
2024-12-27 03:00:00+00:00,2595.0,2610.0,2590.0,2605.0,8760099
2024-12-27 04:00:00+00:00,2580.0,2605.0,2575.0,2595.0,10110570
2024-12-27 05:00:00+00:00,2565.0,2580.0,2560.0,2580.0,13995070
2024-12-30 00:00:00+00:00,2530.0,2600.0,2520.0,2585.0,0
2024-12-30 01:00:00+00:00,2530.0,2545.0,2520.0,2530.0,13676872
2024-12-30 02:00:00+00:00,2545.0,2550.0,2530.0,2530.0,6771764
2024-12-30 03:00:00+00:00,2560.0,2565.0,2545.0,2550.0,8151747
2024-12-30 04:00:00+00:00,2565.0,2570.0,2550.0,2555.0,14820732
2024-12-30 05:00:00+00:00,2565.0,2575.0,2555.0,2565.0,14104968
2025-01-02 01:00:00+00:00,2610.0,2640.0,2580.0,2605.0,49825712
2025-01-02 02:00:00+00:00,2600.0,2625.0,2595.0,2605.0,10172789
2025-01-02 03:00:00+00:00,2625.0,2630.0,2600.0,2600.0,10120821
2025-01-02 04:00:00+00:00,2630.0,2635.0,2620.0,2625.0,11124709
2025-01-02 05:00:00+00:00,2605.0,2630.0,2600.0,2625.0,12890886
2025-01-03 00:00:00+00:00,2500.0,2600.0,2495.0,2600.0,90010847
2025-01-03 01:00:00+00:00,2485.0,2505.0,2475.0,2500.0,31433184
2025-01-03 02:00:00+00:00,2480.0,2490.0,2475.0,2485.0,22495673
2025-01-03 03:00:00+00:00,2470.0,2485.0,2470.0,2480.0,12688941
2025-01-03 04:00:00+00:00,2490.0,2495.0,2455.0,2470.0,29129536
2025-01-03 05:00:00+00:00,2490.0,2500.0,2485.0,2485.0,15282759
2025-01-06 00:00:00+00:00,2470.0,2490.0,2460.0,2475.0,0
2025-01-06 01:00:00+00:00,2405.0,2475.0,2400.0,2470.0,44692475
2025-01-06 02:00:00+00:00,2400.0,2415.0,2395.0,2405.0,11779912
2025-01-06 03:00:00+00:00,2400.0,2405.0,2390.0,2400.0,8203546
2025-01-06 04:00:00+00:00,2395.0,2405.0,2385.0,2400.0,15454028
2025-01-06 05:00:00+00:00,2395.0,2395.0,2375.0,2390.0,16911468
2025-01-07 00:00:00+00:00,2335.0,2360.0,2310.0,2345.0,50331732
2025-01-07 01:00:00+00:00,2335.0,2350.0,2325.0,2330.0,10363639
2025-01-07 02:00:00+00:00,2365.0,2370.0,2330.0,2335.0,19667003
2025-01-07 03:00:00+00:00,2370.0,2380.0,2355.0,2360.0,13210078
2025-01-07 04:00:00+00:00,2385.0,2385.0,2360.0,2370.0,6949077
2025-01-07 05:00:00+00:00,2385.0,2390.0,2375.0,2385.0,6563087
2025-01-08 00:00:00+00:00,2395.0,2425.0,2365.0,2425.0,57980692
2025-01-08 01:00:00+00:00,2335.0,2405.0,2320.0,2395.0,35883300
2025-01-08 02:00:00+00:00,2330.0,2340.0,2315.0,2335.0,23811790
2025-01-08 03:00:00+00:00,2330.0,2335.0,2315.0,2325.0,10748590
2025-01-08 04:00:00+00:00,2345.0,2350.0,2320.0,2330.0,7379547
2025-01-08 05:00:00+00:00,2330.0,2345.0,2325.0,2340.0,9052731
2025-01-09 00:00:00+00:00,2335.0,2350.0,2315.0,2345.0,31189935
2025-01-09 01:00:00+00:00,2310.0,2345.0,2305.0,2335.0,15713549
2025-01-09 02:00:00+00:00,2310.0,2320.0,2305.0,2305.0,7068915
2025-01-09 03:00:00+00:00,2315.0,2320.0,2295.0,2310.0,12958933
2025-01-09 04:00:00+00:00,2330.0,2345.0,2310.0,2315.0,19775419
2025-01-09 05:00:00+00:00,2330.0,2340.0,2320.0,2330.0,9728857
2025-01-10 00:00:00+00:00,2350.0,2375.0,2320.0,2345.0,52251022
2025-01-10 01:00:00+00:00,2350.0,2360.0,2330.0,2350.0,13937774
2025-01-10 02:00:00+00:00,2340.0,2355.0,2330.0,2350.0,9769783
2025-01-10 03:00:00+00:00,2340.0,2340.0,2325.0,2340.0,6647524
2025-01-10 04:00:00+00:00,2340.0,2350.0,2335.0,2340.0,8255872
2025-01-10 05:00:00+00:00,2345.0,2345.0,2335.0,2340.0,5024270
2025-01-13 00:00:00+00:00,2390.0,2400.0,2360.0,2380.0,0
2025-01-13 01:00:00+00:00,2415.0,2420.0,2385.0,2390.0,25382476
2025-01-13 02:00:00+00:00,2410.0,2420.0,2405.0,2420.0,5680645
2025-01-13 03:00:00+00:00,2425.0,2430.0,2405.0,2415.0,6927540
2025-01-13 04:00:00+00:00,2415.0,2425.0,2410.0,2425.0,3887226
2025-01-13 05:00:00+00:00,2410.0,2425.0,2410.0,2415.0,7664643
2025-01-14 00:00:00+00:00,2410.0,2410.0,2380.0,2385.0,26041583
2025-01-14 01:00:00+00:00,2425.0,2435.0,2405.0,2410.0,14183497
2025-01-14 02:00:00+00:00,2410.0,2430.0,2410.0,2425.0,3607597
2025-01-14 03:00:00+00:00,2405.0,2415.0,2400.0,2415.0,4913602
2025-01-14 04:00:00+00:00,2395.0,2415.0,2395.0,2405.0,9281778
2025-01-14 05:00:00+00:00,2400.0,2405.0,2390.0,2395.0,6322336
2025-01-15 00:00:00+00:00,2385.0,2390.0,2335.0,2375.0,35672111
2025-01-15 01:00:00+00:00,2390.0,2390.0,2370.0,2385.0,8120346
2025-01-15 02:00:00+00:00,2400.0,2405.0,2380.0,2390.0,6827310
2025-01-15 03:00:00+00:00,2390.0,2400.0,2380.0,2395.0,3785164
2025-01-15 04:00:00+00:00,2390.0,2395.0,2385.0,2390.0,8976935
2025-01-15 05:00:00+00:00,2410.0,2415.0,2385.0,2390.0,17456703
2025-01-16 00:00:00+00:00,2330.0,2340.0,2315.0,2330.0,34574735
2025-01-16 01:00:00+00:00,2330.0,2340.0,2325.0,2330.0,8975471
2025-01-16 02:00:00+00:00,2335.0,2340.0,2325.0,2335.0,5201415
2025-01-16 03:00:00+00:00,2350.0,2350.0,2325.0,2335.0,9695888
2025-01-16 04:00:00+00:00,2335.0,2350.0,2335.0,2345.0,5152849
2025-01-16 05:00:00+00:00,2340.0,2355.0,2335.0,2340.0,11384298
2025-01-17 00:00:00+00:00,2355.0,2365.0,2330.0,2355.0,28840094
2025-01-17 01:00:00+00:00,2365.0,2370.0,2345.0,2355.0,9387013
2025-01-17 02:00:00+00:00,2355.0,2365.0,2350.0,2360.0,9058827
2025-01-17 03:00:00+00:00,2345.0,2365.0,2340.0,2355.0,10038803
2025-01-17 04:00:00+00:00,2345.0,2350.0,2335.0,2345.0,7251149
2025-01-17 05:00:00+00:00,2345.0,2355.0,2345.0,2350.0,5286251
2025-01-20 00:00:00+00:00,2330.0,2345.0,2320.0,2325.0,0
2025-01-20 01:00:00+00:00,2345.0,2355.0,2330.0,2335.0,11301251
2025-01-20 02:00:00+00:00,2350.0,2360.0,2340.0,2340.0,6703455
2025-01-20 03:00:00+00:00,2350.0,2355.0,2340.0,2350.0,4553863
2025-01-20 04:00:00+00:00,2355.0,2360.0,2345.0,2345.0,9250363
2025-01-20 05:00:00+00:00,2355.0,2365.0,2350.0,2355.0,10269589
2025-01-21 00:00:00+00:00,2370.0,2370.0,2285.0,2325.0,62209018
2025-01-21 01:00:00+00:00,2365.0,2380.0,2355.0,2370.0,24831877
2025-01-21 02:00:00+00:00,2355.0,2370.0,2350.0,2365.0,8673890
2025-01-21 03:00:00+00:00,2335.0,2355.0,2325.0,2350.0,13515003
2025-01-21 04:00:00+00:00,2340.0,2345.0,2325.0,2330.0,6153373
2025-01-21 05:00:00+00:00,2345.0,2350.0,2335.0,2340.0,5724541
2025-01-22 00:00:00+00:00,2330.0,2340.0,2305.0,2310.0,26331869
2025-01-22 01:00:00+00:00,2320.0,2340.0,2305.0,2330.0,15534581
2025-01-22 02:00:00+00:00,2320.0,2325.0,2310.0,2320.0,6011019
2025-01-22 03:00:00+00:00,2305.0,2320.0,2295.0,2315.0,14254961
2025-01-22 04:00:00+00:00,2290.0,2310.0,2280.0,2305.0,21882470
2025-01-22 05:00:00+00:00,2285.0,2295.0,2275.0,2290.0,18972773
2025-01-23 00:00:00+00:00,2340.0,2350.0,2295.0,2295.0,54516552
2025-01-23 01:00:00+00:00,2340.0,2350.0,2335.0,2340.0,18719366
2025-01-23 02:00:00+00:00,2335.0,2345.0,2335.0,2340.0,7508051
2025-01-23 03:00:00+00:00,2330.0,2350.0,2325.0,2340.0,9910635
2025-01-23 04:00:00+00:00,2335.0,2335.0,2320.0,2330.0,10224626
2025-01-23 05:00:00+00:00,2345.0,2345.0,2325.0,2335.0,11639298
2025-01-24 00:00:00+00:00,2310.0,2345.0,2295.0,2330.0,49979749
2025-01-24 01:00:00+00:00,2335.0,2340.0,2305.0,2305.0,25199171
2025-01-24 02:00:00+00:00,2315.0,2335.0,2310.0,2330.0,13831068
2025-01-24 03:00:00+00:00,2325.0,2330.0,2310.0,2315.0,8347518
2025-01-24 04:00:00+00:00,2325.0,2340.0,2320.0,2330.0,9143801
2025-01-24 05:00:00+00:00,2320.0,2335.0,2310.0,2330.0,14842087
2025-01-31 00:00:00+00:00,2370.0,2400.0,2355.0,2375.0,0
2025-01-31 01:00:00+00:00,2380.0,2385.0,2355.0,2365.0,18749991
2025-01-31 02:00:00+00:00,2395.0,2395.0,2375.0,2375.0,6266849
2025-01-31 03:00:00+00:00,2400.0,2410.0,2390.0,2390.0,8793381
2025-01-31 04:00:00+00:00,2390.0,2400.0,2385.0,2400.0,7512410
2025-01-31 05:00:00+00:00,2375.0,2390.0,2370.0,2390.0,7353895
2025-02-03 00:00:00+00:00,2520.0,2535.0,2465.0,2465.0,0
2025-02-03 01:00:00+00:00,2515.0,2530.0,2495.0,2520.0,18566549
2025-02-03 02:00:00+00:00,2525.0,2530.0,2515.0,2520.0,7883870
2025-02-03 03:00:00+00:00,2525.0,2535.0,2520.0,2525.0,9487882
2025-02-03 04:00:00+00:00,2515.0,2535.0,2510.0,2525.0,12685738
2025-02-03 05:00:00+00:00,2500.0,2525.0,2500.0,2520.0,13197603
2025-02-04 00:00:00+00:00,2370.0,2445.0,2365.0,2435.0,83392871
2025-02-04 01:00:00+00:00,2390.0,2395.0,2360.0,2375.0,27498338
2025-02-04 02:00:00+00:00,2395.0,2400.0,2380.0,2390.0,6758232
2025-02-04 03:00:00+00:00,2415.0,2415.0,2395.0,2395.0,9976916
2025-02-04 04:00:00+00:00,2415.0,2420.0,2405.0,2415.0,10081530
2025-02-04 05:00:00+00:00,2435.0,2455.0,2415.0,2415.0,40792578
2025-02-05 00:00:00+00:00,2370.0,2395.0,2360.0,2380.0,49170679
2025-02-05 01:00:00+00:00,2380.0,2385.0,2350.0,2365.0,39273118
2025-02-05 02:00:00+00:00,2370.0,2385.0,2360.0,2380.0,10448510
2025-02-05 03:00:00+00:00,2370.0,2375.0,2360.0,2370.0,8427565
2025-02-05 04:00:00+00:00,2375.0,2375.0,2355.0,2370.0,12761232
2025-02-05 05:00:00+00:00,2380.0,2385.0,2365.0,2375.0,11794999
2025-02-06 00:00:00+00:00,2345.0,2365.0,2340.0,2340.0,35139997
2025-02-06 01:00:00+00:00,2335.0,2355.0,2330.0,2345.0,19865958
2025-02-06 02:00:00+00:00,2345.0,2345.0,2330.0,2335.0,11114093
2025-02-06 03:00:00+00:00,2335.0,2350.0,2330.0,2345.0,7089141
2025-02-06 04:00:00+00:00,2335.0,2340.0,2325.0,2335.0,9319561
2025-02-06 05:00:00+00:00,2330.0,2345.0,2330.0,2335.0,11547712
2025-02-07 00:00:00+00:00,2330.0,2345.0,2320.0,2330.0,37438461
2025-02-07 01:00:00+00:00,2335.0,2345.0,2325.0,2335.0,12649459
2025-02-07 02:00:00+00:00,2340.0,2340.0,2330.0,2330.0,2950723
2025-02-07 03:00:00+00:00,2355.0,2360.0,2335.0,2340.0,17126094
2025-02-07 04:00:00+00:00,2360.0,2365.0,2350.0,2355.0,7625212
2025-02-07 05:00:00+00:00,2355.0,2365.0,2350.0,2355.0,6493335
2025-02-10 00:00:00+00:00,2370.0,2410.0,2365.0,2390.0,0
2025-02-10 01:00:00+00:00,2370.0,2375.0,2360.0,2370.0,16517840
2025-02-10 02:00:00+00:00,2360.0,2370.0,2350.0,2365.0,12579682
2025-02-10 03:00:00+00:00,2365.0,2370.0,2350.0,2355.0,11090053
2025-02-10 04:00:00+00:00,2365.0,2365.0,2350.0,2365.0,15666319
2025-02-10 05:00:00+00:00,2345.0,2365.0,2340.0,2365.0,22557448
2025-02-11 00:00:00+00:00,2300.0,2345.0,2290.0,2330.0,55173790
2025-02-11 01:00:00+00:00,2330.0,2330.0,2300.0,2305.0,14210467
2025-02-11 02:00:00+00:00,2330.0,2335.0,2320.0,2330.0,9959104
2025-02-11 03:00:00+00:00,2315.0,2340.0,2315.0,2330.0,6546094
2025-02-11 04:00:00+00:00,2310.0,2320.0,2295.0,2320.0,16481917
2025-02-11 05:00:00+00:00,2320.0,2320.0,2300.0,2310.0,10382680
2025-02-12 00:00:00+00:00,2330.0,2355.0,2320.0,2330.0,44038341
2025-02-12 01:00:00+00:00,2320.0,2335.0,2310.0,2330.0,22077953
2025-02-12 02:00:00+00:00,2325.0,2325.0,2305.0,2320.0,8115776
2025-02-12 03:00:00+00:00,2315.0,2330.0,2310.0,2320.0,10330778
2025-02-12 04:00:00+00:00,2320.0,2325.0,2310.0,2315.0,6718550
2025-02-12 05:00:00+00:00,2315.0,2325.0,2310.0,2315.0,14538481
2025-02-13 00:00:00+00:00,2290.0,2300.0,2280.0,2295.0,38041072
2025-02-13 01:00:00+00:00,2270.0,2295.0,2265.0,2290.0,27465837
2025-02-13 02:00:00+00:00,2280.0,2280.0,2265.0,2270.0,8157727
2025-02-13 03:00:00+00:00,2275.0,2285.0,2270.0,2280.0,4533059
2025-02-13 04:00:00+00:00,2270.0,2275.0,2265.0,2275.0,9145232
2025-02-13 05:00:00+00:00,2265.0,2275.0,2260.0,2275.0,14848875
2025-02-14 00:00:00+00:00,2230.0,2260.0,2230.0,2250.0,39012843
2025-02-14 01:00:00+00:00,2230.0,2245.0,2225.0,2230.0,28512840
2025-02-14 02:00:00+00:00,2220.0,2240.0,2215.0,2235.0,22215907
2025-02-14 03:00:00+00:00,2225.0,2230.0,2215.0,2220.0,7265688
2025-02-14 04:00:00+00:00,2225.0,2230.0,2215.0,2220.0,8101608
2025-02-14 05:00:00+00:00,2230.0,2240.0,2215.0,2225.0,11871884
2025-02-17 00:00:00+00:00,2215.0,2235.0,2210.0,2225.0,0
2025-02-17 01:00:00+00:00,2210.0,2220.0,2200.0,2220.0,14309404
2025-02-17 02:00:00+00:00,2210.0,2210.0,2200.0,2210.0,10211243
2025-02-17 03:00:00+00:00,2205.0,2210.0,2200.0,2210.0,3078661
2025-02-17 04:00:00+00:00,2205.0,2215.0,2200.0,2205.0,6862341
2025-02-17 05:00:00+00:00,2215.0,2215.0,2200.0,2210.0,4870706
2025-02-18 00:00:00+00:00,2210.0,2210.0,2185.0,2205.0,33954028
2025-02-18 01:00:00+00:00,2210.0,2215.0,2200.0,2205.0,6341727
2025-02-18 02:00:00+00:00,2180.0,2215.0,2175.0,2210.0,21502410
2025-02-18 03:00:00+00:00,2175.0,2180.0,2165.0,2180.0,16963771
2025-02-18 04:00:00+00:00,2175.0,2180.0,2170.0,2175.0,7562071
2025-02-18 05:00:00+00:00,2170.0,2175.0,2165.0,2175.0,6280805
2025-02-19 00:00:00+00:00,2100.0,2160.0,2090.0,2160.0,80650910
2025-02-19 01:00:00+00:00,2085.0,2110.0,2080.0,2100.0,25302528
2025-02-19 02:00:00+00:00,2080.0,2090.0,2075.0,2085.0,19628577
2025-02-19 03:00:00+00:00,2080.0,2080.0,2065.0,2080.0,23703085
2025-02-19 04:00:00+00:00,2075.0,2080.0,2065.0,2080.0,12586166
2025-02-19 05:00:00+00:00,2080.0,2090.0,2070.0,2075.0,12095444
2025-02-20 00:00:00+00:00,2115.0,2115.0,2090.0,2095.0,46703903
2025-02-20 01:00:00+00:00,2110.0,2120.0,2105.0,2115.0,17142773
2025-02-20 02:00:00+00:00,2105.0,2115.0,2100.0,2110.0,9362825
2025-02-20 03:00:00+00:00,2115.0,2115.0,2100.0,2105.0,4673665
2025-02-20 04:00:00+00:00,2115.0,2120.0,2105.0,2115.0,9526855
2025-02-20 05:00:00+00:00,2120.0,2125.0,2110.0,2110.0,8718375
2025-02-21 00:00:00+00:00,2130.0,2150.0,2115.0,2115.0,62384819
2025-02-21 01:00:00+00:00,2135.0,2145.0,2125.0,2130.0,14423946
2025-02-21 02:00:00+00:00,2130.0,2140.0,2120.0,2135.0,9713632
2025-02-21 03:00:00+00:00,2125.0,2130.0,2115.0,2125.0,6788180
2025-02-21 04:00:00+00:00,2135.0,2135.0,2115.0,2120.0,8872838
2025-02-21 05:00:00+00:00,2120.0,2135.0,2110.0,2135.0,11851900
2025-02-24 00:00:00+00:00,2175.0,2175.0,2145.0,2155.0,0
2025-02-24 01:00:00+00:00,2165.0,2175.0,2160.0,2170.0,11976787
2025-02-24 02:00:00+00:00,2165.0,2170.0,2155.0,2165.0,8096874
2025-02-24 03:00:00+00:00,2160.0,2165.0,2155.0,2165.0,6713535
2025-02-24 04:00:00+00:00,2160.0,2165.0,2155.0,2160.0,9626900
2025-02-24 05:00:00+00:00,2155.0,2165.0,2145.0,2160.0,10888641
2025-02-25 00:00:00+00:00,2175.0,2205.0,2165.0,2195.0,64950304
2025-02-25 01:00:00+00:00,2160.0,2175.0,2155.0,2175.0,20700830
2025-02-25 02:00:00+00:00,2165.0,2175.0,2150.0,2160.0,16853023
2025-02-25 03:00:00+00:00,2170.0,2170.0,2160.0,2165.0,5274885
2025-02-25 04:00:00+00:00,2165.0,2170.0,2155.0,2170.0,8439737
2025-02-25 05:00:00+00:00,2165.0,2175.0,2160.0,2165.0,7699059
2025-02-26 00:00:00+00:00,2165.0,2195.0,2165.0,2170.0,32000042
2025-02-26 01:00:00+00:00,2170.0,2175.0,2160.0,2165.0,9574895
2025-02-26 02:00:00+00:00,2175.0,2175.0,2165.0,2170.0,10020130
2025-02-26 03:00:00+00:00,2170.0,2180.0,2165.0,2175.0,7416756
2025-02-26 04:00:00+00:00,2160.0,2175.0,2155.0,2170.0,9774490
2025-02-26 05:00:00+00:00,2140.0,2160.0,2135.0,2160.0,14114881
2025-02-27 00:00:00+00:00,2160.0,2170.0,2140.0,2145.0,36617011
2025-02-27 01:00:00+00:00,2175.0,2180.0,2155.0,2160.0,13519707
2025-02-27 02:00:00+00:00,2175.0,2185.0,2170.0,2175.0,6450607
2025-02-27 03:00:00+00:00,2190.0,2190.0,2170.0,2175.0,6566635
2025-02-27 04:00:00+00:00,2185.0,2190.0,2180.0,2185.0,6834596
2025-02-27 05:00:00+00:00,2170.0,2190.0,2170.0,2185.0,7481181
2025-02-28 00:00:00+00:00,2270.0,2275.0,2230.0,2235.0,62809871
2025-02-28 01:00:00+00:00,2285.0,2295.0,2260.0,2275.0,26343868
2025-02-28 02:00:00+00:00,2305.0,2310.0,2285.0,2290.0,19906005
2025-02-28 03:00:00+00:00,2315.0,2325.0,2300.0,2305.0,13825137
2025-02-28 04:00:00+00:00,2310.0,2325.0,2295.0,2315.0,13642738
2025-02-28 05:00:00+00:00,2320.0,2330.0,2310.0,2315.0,16572738
2025-03-04 00:00:00+00:00,2310.0,2365.0,2295.0,2345.0,0
2025-03-04 01:00:00+00:00,2335.0,2345.0,2305.0,2310.0,23542064
2025-03-04 02:00:00+00:00,2320.0,2340.0,2310.0,2335.0,9647345
2025-03-04 03:00:00+00:00,2330.0,2340.0,2315.0,2320.0,9010739
2025-03-04 04:00:00+00:00,2335.0,2340.0,2320.0,2335.0,7425170
2025-03-04 05:00:00+00:00,2320.0,2345.0,2315.0,2335.0,13683797
2025-03-05 00:00:00+00:00,2305.0,2315.0,2265.0,2290.0,38274317
2025-03-05 01:00:00+00:00,2325.0,2330.0,2305.0,2305.0,16552604
2025-03-05 02:00:00+00:00,2315.0,2335.0,2300.0,2325.0,12509230
2025-03-05 03:00:00+00:00,2290.0,2325.0,2290.0,2315.0,11650415
2025-03-05 04:00:00+00:00,2290.0,2300.0,2280.0,2295.0,5741747
2025-03-05 05:00:00+00:00,2285.0,2295.0,2280.0,2290.0,7283946
2025-03-06 00:00:00+00:00,2270.0,2280.0,2240.0,2270.0,40913339
2025-03-06 01:00:00+00:00,2245.0,2270.0,2240.0,2270.0,12904176
2025-03-06 02:00:00+00:00,2240.0,2250.0,2230.0,2250.0,11133765
2025-03-06 03:00:00+00:00,2250.0,2250.0,2237.0,2240.0,6387411
2025-03-06 04:00:00+00:00,2250.0,2255.0,2242.0,2247.0,9231852
2025-03-06 05:00:00+00:00,2265.0,2265.0,2247.0,2250.0,7663763
2025-03-07 00:00:00+00:00,2282.0,2315.0,2270.0,2290.0,48747549
2025-03-07 01:00:00+00:00,2270.0,2285.0,2260.0,2285.0,14986243
2025-03-07 02:00:00+00:00,2265.0,2275.0,2255.0,2270.0,10501149
2025-03-07 03:00:00+00:00,2265.0,2275.0,2262.0,2265.0,5805465
2025-03-07 04:00:00+00:00,2250.0,2265.0,2245.0,2265.0,25214007
2025-03-07 05:00:00+00:00,2265.0,2270.0,2247.0,2255.0,15343560
2025-03-10 00:00:00+00:00,2252.0,2305.0,2250.0,2290.0,0
2025-03-10 01:00:00+00:00,2245.0,2260.0,2245.0,2255.0,11758504
2025-03-10 02:00:00+00:00,2255.0,2260.0,2245.0,2250.0,7797368
2025-03-10 03:00:00+00:00,2257.0,2260.0,2250.0,2255.0,3500203
2025-03-10 04:00:00+00:00,2255.0,2257.0,2240.0,2257.0,9256301
2025-03-10 05:00:00+00:00,2260.0,2265.0,2245.0,2255.0,7417771
2025-03-11 00:00:00+00:00,2360.0,2375.0,2335.0,2370.0,70274292
2025-03-11 01:00:00+00:00,2360.0,2380.0,2355.0,2360.0,26126826
2025-03-11 02:00:00+00:00,2330.0,2365.0,2325.0,2360.0,25057470
2025-03-11 03:00:00+00:00,2320.0,2330.0,2310.0,2330.0,17122827
2025-03-11 04:00:00+00:00,2310.0,2325.0,2295.0,2320.0,20033370
2025-03-11 05:00:00+00:00,2310.0,2320.0,2305.0,2307.0,6682814
2025-03-12 00:00:00+00:00,2250.0,2315.0,2245.0,2295.0,52946514
2025-03-12 01:00:00+00:00,2242.0,2255.0,2235.0,2250.0,18500509
2025-03-12 02:00:00+00:00,2230.0,2242.0,2225.0,2240.0,24909673
2025-03-12 03:00:00+00:00,2235.0,2240.0,2220.0,2227.0,13286227
2025-03-12 04:00:00+00:00,2237.0,2240.0,2227.0,2235.0,5187884
2025-03-12 05:00:00+00:00,2230.0,2240.0,2225.0,2237.0,9601538
2025-03-13 00:00:00+00:00,2190.0,2205.0,2185.0,2200.0,26208719
2025-03-13 01:00:00+00:00,2190.0,2200.0,2180.0,2195.0,15614390
2025-03-13 02:00:00+00:00,2210.0,2215.0,2185.0,2192.0,18652094
2025-03-13 03:00:00+00:00,2232.0,2235.0,2210.0,2210.0,9952442
2025-03-13 04:00:00+00:00,2230.0,2240.0,2225.0,2230.0,11281305
2025-03-13 05:00:00+00:00,2250.0,2255.0,2227.0,2230.0,13968436
2025-03-14 00:00:00+00:00,2235.0,2260.0,2220.0,2250.0,38073982
2025-03-14 01:00:00+00:00,2230.0,2250.0,2225.0,2232.0,17746196
2025-03-14 02:00:00+00:00,2220.0,2235.0,2215.0,2225.0,8369544
2025-03-14 03:00:00+00:00,2230.0,2230.0,2215.0,2220.0,8119672
2025-03-14 04:00:00+00:00,2230.0,2232.0,2220.0,2225.0,4251170
2025-03-14 05:00:00+00:00,2225.0,2235.0,2220.0,2225.0,7408919
2025-03-17 00:00:00+00:00,2155.0,2195.0,2140.0,2190.0,0
2025-03-17 01:00:00+00:00,2150.0,2155.0,2137.0,2150.0,21694577
2025-03-17 02:00:00+00:00,2150.0,2155.0,2142.0,2150.0,7206233
2025-03-17 03:00:00+00:00,2140.0,2155.0,2130.0,2150.0,9678241
2025-03-17 04:00:00+00:00,2145.0,2145.0,2130.0,2140.0,6067322
2025-03-17 05:00:00+00:00,2140.0,2150.0,2135.0,2142.0,4293702
2025-03-18 00:00:00+00:00,2097.0,2100.0,2070.0,2090.0,54135922
2025-03-18 01:00:00+00:00,2107.0,2110.0,2090.0,2097.0,13447976
2025-03-18 02:00:00+00:00,2117.0,2120.0,2105.0,2110.0,8936332
2025-03-18 03:00:00+00:00,2125.0,2130.0,2115.0,2120.0,7634442
2025-03-18 04:00:00+00:00,2132.0,2140.0,2120.0,2125.0,10919565
2025-03-18 05:00:00+00:00,2125.0,2140.0,2125.0,2132.0,6370656
2025-03-19 00:00:00+00:00,2072.0,2130.0,2065.0,2130.0,67489992
2025-03-19 01:00:00+00:00,2090.0,2097.0,2065.0,2075.0,27221323
2025-03-19 02:00:00+00:00,2082.0,2100.0,2075.0,2087.0,10364270
2025-03-19 03:00:00+00:00,2080.0,2087.0,2075.0,2080.0,6570667
2025-03-19 04:00:00+00:00,2095.0,2095.0,2075.0,2080.0,9972013
2025-03-19 05:00:00+00:00,2090.0,2095.0,2080.0,2090.0,8778239
2025-03-20 00:00:00+00:00,2065.0,2085.0,2050.0,2060.0,32457077
2025-03-20 01:00:00+00:00,2065.0,2080.0,2055.0,2065.0,14314441
2025-03-20 02:00:00+00:00,2057.0,2065.0,2050.0,2065.0,13059797
2025-03-20 03:00:00+00:00,2057.0,2060.0,2045.0,2060.0,14796938
2025-03-20 04:00:00+00:00,2060.0,2065.0,2055.0,2057.0,11419575
2025-03-20 05:00:00+00:00,2060.0,2065.0,2050.0,2060.0,8496030
2025-03-21 00:00:00+00:00,2070.0,2085.0,2055.0,2075.0,43535532
2025-03-21 01:00:00+00:00,2050.0,2075.0,2045.0,2070.0,24961103
2025-03-21 02:00:00+00:00,2045.0,2050.0,2040.0,2050.0,16796259
2025-03-21 03:00:00+00:00,2050.0,2055.0,2040.0,2045.0,9699492
2025-03-21 04:00:00+00:00,2045.0,2050.0,2035.0,2047.0,9722971
2025-03-21 05:00:00+00:00,2050.0,2055.0,2040.0,2045.0,5337691
2025-03-24 00:00:00+00:00,2047.0,2075.0,2045.0,2060.0,0
2025-03-24 01:00:00+00:00,2055.0,2055.0,2030.0,2050.0,20672578
2025-03-24 02:00:00+00:00,2050.0,2060.0,2040.0,2052.0,7403094
2025-03-24 03:00:00+00:00,2052.0,2055.0,2040.0,2047.0,3892854
2025-03-24 04:00:00+00:00,2052.0,2060.0,2045.0,2052.0,2879014
2025-03-24 05:00:00+00:00,2055.0,2060.0,2045.0,2052.0,5611837
2025-03-25 00:00:00+00:00,2050.0,2080.0,2030.0,2035.0,52235067
2025-03-25 01:00:00+00:00,2057.0,2060.0,2045.0,2047.0,5504945
2025-03-25 02:00:00+00:00,2080.0,2080.0,2055.0,2055.0,10545579
2025-03-25 03:00:00+00:00,2075.0,2080.0,2065.0,2080.0,4367377
2025-03-25 04:00:00+00:00,2085.0,2090.0,2070.0,2072.0,11059729
2025-03-25 05:00:00+00:00,2080.0,2085.0,2070.0,2085.0,5299933
2025-03-26 00:00:00+00:00,2075.0,2080.0,2050.0,2065.0,33703149
2025-03-26 01:00:00+00:00,2045.0,2080.0,2040.0,2075.0,27126309
2025-03-26 02:00:00+00:00,2047.0,2055.0,2045.0,2045.0,3508966
2025-03-26 03:00:00+00:00,2045.0,2055.0,2040.0,2047.0,6215582
2025-03-26 04:00:00+00:00,2035.0,2045.0,2027.0,2045.0,21312201
2025-03-26 05:00:00+00:00,2040.0,2040.0,2030.0,2037.0,8633175
2025-03-27 00:00:00+00:00,2060.0,2090.0,2055.0,2080.0,52904433
2025-03-27 01:00:00+00:00,2082.0,2085.0,2055.0,2062.0,15692968
2025-03-27 02:00:00+00:00,2075.0,2085.0,2070.0,2080.0,9013851
2025-03-27 03:00:00+00:00,2080.0,2085.0,2070.0,2075.0,7571020
2025-03-27 04:00:00+00:00,2080.0,2085.0,2070.0,2080.0,5890775
2025-03-27 05:00:00+00:00,2092.0,2095.0,2075.0,2080.0,17656556
2025-03-28 00:00:00+00:00,2165.0,2170.0,2110.0,2115.0,62874267
2025-03-28 01:00:00+00:00,2155.0,2165.0,2135.0,2165.0,19114382
2025-03-28 02:00:00+00:00,2167.0,2170.0,2152.0,2155.0,10542949
2025-03-28 03:00:00+00:00,2160.0,2175.0,2160.0,2170.0,5550651
2025-03-28 04:00:00+00:00,2170.0,2175.0,2160.0,2165.0,7803225
2025-03-28 05:00:00+00:00,2175.0,2185.0,2165.0,2170.0,13011782
2025-03-31 00:00:00+00:00,2270.0,2290.0,2240.0,2245.0,0
2025-03-31 01:00:00+00:00,2275.0,2280.0,2260.0,2270.0,14384597
2025-03-31 02:00:00+00:00,2280.0,2285.0,2272.0,2275.0,6041125
2025-03-31 03:00:00+00:00,2300.0,2300.0,2275.0,2277.0,13487385
2025-03-31 04:00:00+00:00,2295.0,2305.0,2290.0,2295.0,9892884
2025-03-31 05:00:00+00:00,2290.0,2300.0,2285.0,2295.0,12623201
2025-04-01 00:00:00+00:00,2272.0,2280.0,2220.0,2250.0,75967474
2025-04-01 01:00:00+00:00,2230.0,2280.0,2220.0,2272.0,29546536
2025-04-01 02:00:00+00:00,2215.0,2230.0,2205.0,2225.0,48923201
2025-04-01 03:00:00+00:00,2220.0,2220.0,2205.0,2215.0,8098642
2025-04-01 04:00:00+00:00,2210.0,2235.0,2205.0,2215.0,15172104
2025-04-01 05:00:00+00:00,2222.0,2225.0,2200.0,2210.0,13328799
2025-04-02 00:00:00+00:00,2247.0,2265.0,2207.0,2215.0,60383715
2025-04-02 01:00:00+00:00,2222.0,2255.0,2220.0,2247.0,17251183
2025-04-02 02:00:00+00:00,2235.0,2240.0,2215.0,2225.0,8420296
2025-04-02 03:00:00+00:00,2235.0,2240.0,2225.0,2232.0,8592240
2025-04-02 04:00:00+00:00,2250.0,2255.0,2232.0,2235.0,9600353
2025-04-02 05:00:00+00:00,2252.0,2257.0,2245.0,2250.0,9363842
2025-04-03 00:00:00+00:00,2335.0,2395.0,2325.0,2390.0,83697662
2025-04-03 01:00:00+00:00,2330.0,2355.0,2310.0,2335.0,26071554
2025-04-03 02:00:00+00:00,2322.0,2335.0,2310.0,2330.0,20565177
2025-04-03 03:00:00+00:00,2320.0,2325.0,2305.0,2322.0,9148907
2025-04-03 04:00:00+00:00,2307.0,2320.0,2295.0,2317.0,16120024
2025-04-03 05:00:00+00:00,2325.0,2327.0,2300.0,2305.0,14803806
2025-04-04 00:00:00+00:00,2315.0,2380.0,2312.0,2370.0,74721472
2025-04-04 01:00:00+00:00,2305.0,2340.0,2295.0,2317.0,41856154
2025-04-04 02:00:00+00:00,2360.0,2370.0,2265.0,2305.0,132254464
2025-04-04 03:00:00+00:00,2380.0,2395.0,2360.0,2360.0,35481882
2025-04-04 04:00:00+00:00,2400.0,2405.0,2380.0,2385.0,21446524
2025-04-04 05:00:00+00:00,2365.0,2405.0,2365.0,2400.0,21882037
2025-04-07 00:00:00+00:00,2620.0,2645.0,2510.0,2520.0,0
2025-04-07 01:00:00+00:00,2560.0,2625.0,2560.0,2617.0,48429359
2025-04-07 02:00:00+00:00,2585.0,2595.0,2545.0,2565.0,20350168
2025-04-07 03:00:00+00:00,2595.0,2615.0,2580.0,2585.0,17320082
2025-04-07 04:00:00+00:00,2625.0,2625.0,2585.0,2595.0,12941412
2025-04-07 05:00:00+00:00,2617.0,2630.0,2590.0,2620.0,19213658
2025-04-08 00:00:00+00:00,2590.0,2595.0,2505.0,2505.0,89158740
2025-04-08 01:00:00+00:00,2550.0,2605.0,2535.0,2595.0,33957091
2025-04-08 02:00:00+00:00,2585.0,2590.0,2540.0,2547.0,22256164
2025-04-08 03:00:00+00:00,2615.0,2625.0,2585.0,2590.0,19534264
2025-04-08 04:00:00+00:00,2615.0,2645.0,2605.0,2615.0,20658856
2025-04-08 05:00:00+00:00,2625.0,2645.0,2610.0,2615.0,17960048
2025-04-09 00:00:00+00:00,2675.0,2700.0,2620.0,2630.0,67330896
2025-04-09 01:00:00+00:00,2660.0,2697.0,2650.0,2675.0,36125506
2025-04-09 02:00:00+00:00,2675.0,2680.0,2645.0,2657.0,25147491
2025-04-09 03:00:00+00:00,2710.0,2720.0,2665.0,2675.0,21439532
2025-04-09 04:00:00+00:00,2715.0,2745.0,2685.0,2710.0,40190838
2025-04-09 05:00:00+00:00,2725.0,2745.0,2715.0,2730.0,25332888
2025-04-10 00:00:00+00:00,2435.0,2470.0,2400.0,2420.0,74150656
2025-04-10 01:00:00+00:00,2415.0,2450.0,2415.0,2435.0,22924303
2025-04-10 02:00:00+00:00,2405.0,2420.0,2390.0,2415.0,21550800
2025-04-10 03:00:00+00:00,2407.0,2422.0,2400.0,2407.0,13034959
2025-04-10 04:00:00+00:00,2395.0,2410.0,2390.0,2407.0,11071982
2025-04-10 05:00:00+00:00,2375.0,2395.0,2370.0,2395.0,22224754
2025-04-11 00:00:00+00:00,2460.0,2465.0,2430.0,2440.0,71080187
2025-04-11 01:00:00+00:00,2435.0,2465.0,2430.0,2460.0,17195506
2025-04-11 02:00:00+00:00,2427.0,2447.0,2420.0,2435.0,13221306
2025-04-11 03:00:00+00:00,2410.0,2430.0,2405.0,2425.0,15174581
2025-04-11 04:00:00+00:00,2415.0,2420.0,2397.0,2410.0,12093259
2025-04-11 05:00:00+00:00,2400.0,2425.0,2395.0,2415.0,12123526
2025-04-14 00:00:00+00:00,2355.0,2370.0,2320.0,2370.0,0
2025-04-14 01:00:00+00:00,2355.0,2360.0,2340.0,2357.0,11644435
2025-04-14 02:00:00+00:00,2337.0,2357.0,2335.0,2352.0,8066283
2025-04-14 03:00:00+00:00,2350.0,2355.0,2335.0,2335.0,8130275
2025-04-14 04:00:00+00:00,2355.0,2365.0,2350.0,2350.0,4384962
2025-04-14 05:00:00+00:00,2352.0,2360.0,2345.0,2355.0,6495111
2025-04-15 00:00:00+00:00,2320.0,2345.0,2315.0,2345.0,37093390
2025-04-15 01:00:00+00:00,2317.0,2325.0,2310.0,2320.0,13268207
2025-04-15 02:00:00+00:00,2310.0,2325.0,2300.0,2320.0,15377489
2025-04-15 03:00:00+00:00,2305.0,2315.0,2295.0,2310.0,12343347
2025-04-15 04:00:00+00:00,2302.0,2310.0,2297.0,2305.0,6064709
2025-04-15 05:00:00+00:00,2310.0,2310.0,2297.0,2302.0,7714692
2025-04-16 00:00:00+00:00,2340.0,2350.0,2317.0,2325.0,41708810
2025-04-16 01:00:00+00:00,2345.0,2347.0,2325.0,2340.0,13252477
2025-04-16 02:00:00+00:00,2355.0,2360.0,2340.0,2345.0,9318770
2025-04-16 03:00:00+00:00,2350.0,2357.0,2345.0,2352.0,2596815
2025-04-16 04:00:00+00:00,2355.0,2360.0,2350.0,2355.0,4458040
2025-04-16 05:00:00+00:00,2380.0,2385.0,2355.0,2355.0,16506719
2025-04-17 00:00:00+00:00,2345.0,2380.0,2345.0,2365.0,49831265
2025-04-17 01:00:00+00:00,2360.0,2365.0,2345.0,2350.0,11417354
2025-04-17 02:00:00+00:00,2352.0,2370.0,2345.0,2360.0,6971025
2025-04-17 03:00:00+00:00,2345.0,2355.0,2340.0,2352.0,10106890
2025-04-17 04:00:00+00:00,2352.0,2355.0,2345.0,2350.0,9203418
2025-04-17 05:00:00+00:00,2335.0,2355.0,2325.0,2350.0,14007496
2025-04-18 00:00:00+00:00,2330.0,2345.0,2320.0,2325.0,18901284
2025-04-18 01:00:00+00:00,2320.0,2335.0,2315.0,2330.0,16670758
2025-04-18 02:00:00+00:00,2317.0,2325.0,2315.0,2315.0,3142041
2025-04-18 03:00:00+00:00,2312.0,2320.0,2310.0,2315.0,7257788
2025-04-18 04:00:00+00:00,2307.0,2315.0,2305.0,2312.0,8094062
2025-04-18 05:00:00+00:00,2302.0,2310.0,2300.0,2310.0,7598438
2025-04-21 00:00:00+00:00,2300.0,2315.0,2270.0,2300.0,0
2025-04-21 01:00:00+00:00,2297.0,2310.0,2292.0,2300.0,9676061
2025-04-21 02:00:00+00:00,2310.0,2310.0,2290.0,2297.0,9159654
2025-04-21 03:00:00+00:00,2310.0,2315.0,2302.0,2310.0,5274967
2025-04-21 04:00:00+00:00,2310.0,2315.0,2302.0,2310.0,5229502
2025-04-21 05:00:00+00:00,2300.0,2310.0,2295.0,2310.0,7287357
2025-04-22 00:00:00+00:00,2320.0,2320.0,2295.0,2310.0,40681834
2025-04-22 01:00:00+00:00,2295.0,2320.0,2285.0,2320.0,17634193
2025-04-22 02:00:00+00:00,2292.0,2300.0,2285.0,2295.0,3121211
2025-04-22 03:00:00+00:00,2292.0,2300.0,2285.0,2295.0,5099408
2025-04-22 04:00:00+00:00,2310.0,2310.0,2287.0,2290.0,6597702
2025-04-22 05:00:00+00:00,2310.0,2315.0,2300.0,2310.0,8134977
2025-04-23 00:00:00+00:00,2250.0,2260.0,2225.0,2230.0,35798981
2025-04-23 01:00:00+00:00,2250.0,2255.0,2235.0,2250.0,13306579
2025-04-23 02:00:00+00:00,2230.0,2250.0,2225.0,2245.0,14515627
2025-04-23 03:00:00+00:00,2225.0,2235.0,2220.0,2230.0,11570530
2025-04-23 04:00:00+00:00,2222.0,2230.0,2220.0,2225.0,8525237
2025-04-23 05:00:00+00:00,2225.0,2230.0,2220.0,2225.0,12230896
2025-04-24 00:00:00+00:00,2240.0,2245.0,2215.0,2220.0,33114359
2025-04-24 01:00:00+00:00,2260.0,2260.0,2235.0,2237.0,12726883
2025-04-24 02:00:00+00:00,2255.0,2265.0,2247.0,2257.0,5203848
2025-04-24 03:00:00+00:00,2245.0,2257.0,2242.0,2255.0,5690813
2025-04-24 04:00:00+00:00,2240.0,2250.0,2240.0,2245.0,5202128
2025-04-24 05:00:00+00:00,2237.0,2240.0,2225.0,2240.0,13956875
2025-04-25 00:00:00+00:00,2185.0,2200.0,2165.0,2190.0,58073638
2025-04-25 01:00:00+00:00,2197.0,2205.0,2180.0,2185.0,13981401
2025-04-25 02:00:00+00:00,2190.0,2205.0,2185.0,2195.0,8055282
2025-04-25 03:00:00+00:00,2177.0,2190.0,2170.0,2190.0,14427763
2025-04-25 04:00:00+00:00,2185.0,2185.0,2165.0,2175.0,14797117
2025-04-25 05:00:00+00:00,2185.0,2195.0,2177.0,2185.0,10502449
2025-04-28 00:00:00+00:00,2180.0,2195.0,2172.0,2185.0,0
2025-04-28 01:00:00+00:00,2180.0,2185.0,2165.0,2180.0,19476798
2025-04-28 02:00:00+00:00,2185.0,2185.0,2170.0,2180.0,4340249
2025-04-28 03:00:00+00:00,2187.0,2190.0,2177.0,2185.0,7004688
2025-04-28 04:00:00+00:00,2185.0,2190.0,2180.0,2185.0,3476701
2025-04-28 05:00:00+00:00,2195.0,2195.0,2175.0,2185.0,9325337
2025-04-29 00:00:00+00:00,2180.0,2190.0,2175.0,2180.0,29492411
2025-04-29 01:00:00+00:00,2147.0,2180.0,2145.0,2180.0,36372026
2025-04-29 02:00:00+00:00,2142.0,2150.0,2130.0,2147.0,17830722
2025-04-29 03:00:00+00:00,2155.0,2155.0,2140.0,2145.0,8057845
2025-04-29 04:00:00+00:00,2160.0,2165.0,2145.0,2152.0,8774139
2025-04-29 05:00:00+00:00,2155.0,2165.0,2155.0,2160.0,8621611
2025-04-30 00:00:00+00:00,2160.0,2175.0,2140.0,2170.0,40694616
2025-04-30 01:00:00+00:00,2175.0,2180.0,2157.0,2160.0,19834363
2025-04-30 02:00:00+00:00,2182.0,2185.0,2170.0,2175.0,4923712
2025-04-30 03:00:00+00:00,2172.0,2190.0,2170.0,2185.0,9102031
2025-04-30 04:00:00+00:00,2180.0,2180.0,2165.0,2172.0,7776454
2025-04-30 05:00:00+00:00,2177.0,2180.0,2170.0,2180.0,3649217
2025-05-02 00:00:00+00:00,2160.0,2200.0,2155.0,2165.0,0
2025-05-02 01:00:00+00:00,2170.0,2175.0,2155.0,2160.0,22553492
2025-05-02 02:00:00+00:00,2160.0,2175.0,2150.0,2170.0,12132248
2025-05-02 03:00:00+00:00,2152.0,2170.0,2150.0,2160.0,8502119
2025-05-02 04:00:00+00:00,2150.0,2155.0,2145.0,2155.0,8152952
2025-05-02 05:00:00+00:00,2160.0,2160.0,2147.0,2150.0,8532950
2025-05-07 00:00:00+00:00,2125.0,2160.0,2105.0,2120.0,0
2025-05-07 01:00:00+00:00,2135.0,2140.0,2120.0,2125.0,11570940
2025-05-07 02:00:00+00:00,2142.0,2145.0,2130.0,2135.0,4096230
2025-05-07 03:00:00+00:00,2145.0,2145.0,2135.0,2140.0,1419478
2025-05-07 04:00:00+00:00,2140.0,2145.0,2130.0,2145.0,5356794
2025-05-07 05:00:00+00:00,2132.0,2140.0,2130.0,2140.0,2669146
2025-05-08 00:00:00+00:00,2115.0,2130.0,2105.0,2125.0,37565855
2025-05-08 01:00:00+00:00,2120.0,2125.0,2105.0,2112.0,13528055
2025-05-08 02:00:00+00:00,2117.0,2130.0,2110.0,2120.0,6528356
2025-05-08 03:00:00+00:00,2105.0,2115.0,2100.0,2115.0,12303228
2025-05-08 04:00:00+00:00,2112.0,2115.0,2100.0,2107.0,6357475
2025-05-08 05:00:00+00:00,2115.0,2120.0,2105.0,2110.0,9631445
2025-05-09 00:00:00+00:00,2125.0,2135.0,2110.0,2125.0,32337861
2025-05-09 01:00:00+00:00,2135.0,2145.0,2122.0,2127.0,17056810
2025-05-09 02:00:00+00:00,2130.0,2140.0,2120.0,2135.0,8586507
2025-05-09 03:00:00+00:00,2130.0,2140.0,2125.0,2135.0,5376654
2025-05-09 04:00:00+00:00,2130.0,2130.0,2120.0,2127.0,5346682
2025-05-09 05:00:00+00:00,2125.0,2135.0,2120.0,2127.0,8709469
2025-05-12 00:00:00+00:00,2100.0,2110.0,2085.0,2095.0,0
2025-05-12 01:00:00+00:00,2095.0,2105.0,2090.0,2100.0,8571913
2025-05-12 02:00:00+00:00,2097.0,2100.0,2090.0,2092.0,5275640
2025-05-12 03:00:00+00:00,2095.0,2100.0,2090.0,2097.0,3241050
2025-05-12 04:00:00+00:00,2085.0,2095.0,2080.0,2095.0,10629890
2025-05-12 05:00:00+00:00,2080.0,2090.0,2077.0,2085.0,11688614
2025-05-13 00:00:00+00:00,2060.0,2065.0,2035.0,2050.0,35273847
2025-05-13 01:00:00+00:00,2042.0,2065.0,2035.0,2060.0,12308417
2025-05-13 02:00:00+00:00,2050.0,2055.0,2030.0,2040.0,15054618
2025-05-13 03:00:00+00:00,2065.0,2065.0,2045.0,2047.0,5876124
2025-05-13 04:00:00+00:00,2065.0,2070.0,2060.0,2065.0,5303844
2025-05-13 05:00:00+00:00,2060.0,2067.0,2055.0,2065.0,7204583
2025-05-14 00:00:00+00:00,2030.0,2030.0,2010.0,2025.0,42914974
2025-05-14 01:00:00+00:00,2017.0,2035.0,2015.0,2030.0,10793498
2025-05-14 02:00:00+00:00,1997.0,2020.0,1997.0,2017.0,29237849
2025-05-14 03:00:00+00:00,1994.0,1998.0,1986.0,1998.0,26766312
2025-05-14 04:00:00+00:00,2000.0,2005.0,1989.0,1994.0,17763851
2025-05-14 05:00:00+00:00,2005.0,2010.0,1998.0,2000.0,14039911
2025-05-15 00:00:00+00:00,2005.0,2020.0,1998.0,2015.0,37529528
2025-05-15 01:00:00+00:00,2007.0,2015.0,1996.0,2000.0,16541805
2025-05-15 02:00:00+00:00,2007.0,2015.0,2000.0,2010.0,4448602
2025-05-15 03:00:00+00:00,2015.0,2020.0,2005.0,2007.0,9346170
2025-05-15 04:00:00+00:00,2027.0,2030.0,2005.0,2015.0,12530863
2025-05-15 05:00:00+00:00,2035.0,2040.0,2025.0,2027.0,9133540
2025-05-16 00:00:00+00:00,2030.0,2030.0,2007.0,2020.0,27730787
2025-05-16 01:00:00+00:00,2025.0,2035.0,2015.0,2030.0,7906716
2025-05-16 02:00:00+00:00,2022.0,2032.0,2020.0,2022.0,4664981
2025-05-16 03:00:00+00:00,2017.0,2025.0,2015.0,2020.0,3366655
2025-05-16 04:00:00+00:00,2012.0,2020.0,2007.0,2017.0,11766262
2025-05-16 05:00:00+00:00,2020.0,2025.0,2010.0,2012.0,9642279
2025-05-19 00:00:00+00:00,2050.0,2055.0,2035.0,2045.0,0
2025-05-19 01:00:00+00:00,2070.0,2085.0,2045.0,2050.0,29932506
2025-05-19 02:00:00+00:00,2065.0,2075.0,2055.0,2070.0,8464605
2025-05-19 03:00:00+00:00,2075.0,2080.0,2060.0,2062.0,6404323
2025-05-19 04:00:00+00:00,2077.0,2085.0,2070.0,2070.0,10447533
2025-05-19 05:00:00+00:00,2070.0,2082.0,2065.0,2080.0,9949365
2025-05-20 00:00:00+00:00,2045.0,2045.0,2020.0,2030.0,38101479
2025-05-20 01:00:00+00:00,2050.0,2055.0,2040.0,2045.0,14073484
2025-05-20 02:00:00+00:00,2045.0,2055.0,2040.0,2050.0,5675938
2025-05-20 03:00:00+00:00,2050.0,2052.0,2040.0,2045.0,3675922
2025-05-20 04:00:00+00:00,2052.0,2060.0,2045.0,2050.0,7381833
2025-05-20 05:00:00+00:00,2060.0,2060.0,2040.0,2052.0,7195743
2025-05-21 00:00:00+00:00,2022.0,2045.0,2010.0,2040.0,51160641
2025-05-21 01:00:00+00:00,2030.0,2035.0,2010.0,2020.0,17317267
2025-05-21 02:00:00+00:00,2025.0,2040.0,2020.0,2030.0,8836250
2025-05-21 03:00:00+00:00,2022.0,2030.0,2015.0,2030.0,7250760
2025-05-21 04:00:00+00:00,2030.0,2030.0,2015.0,2020.0,8396517
2025-05-21 05:00:00+00:00,2030.0,2030.0,2015.0,2027.0,8610828
2025-05-22 00:00:00+00:00,2057.0,2067.0,2050.0,2055.0,39418659
2025-05-22 01:00:00+00:00,2085.0,2095.0,2055.0,2055.0,29825711
2025-05-22 02:00:00+00:00,2095.0,2095.0,2085.0,2090.0,10870400
2025-05-22 03:00:00+00:00,2095.0,2100.0,2085.0,2092.0,9159424
2025-05-22 04:00:00+00:00,2082.0,2095.0,2080.0,2095.0,6879768
2025-05-22 05:00:00+00:00,2082.0,2095.0,2080.0,2085.0,11257255
2025-05-23 00:00:00+00:00,2067.0,2080.0,2065.0,2075.0,32940599
2025-05-23 01:00:00+00:00,2080.0,2080.0,2065.0,2070.0,16292849
2025-05-23 02:00:00+00:00,2075.0,2085.0,2070.0,2075.0,5411914
2025-05-23 03:00:00+00:00,2070.0,2075.0,2065.0,2072.0,10134556
2025-05-23 04:00:00+00:00,2082.0,2090.0,2065.0,2070.0,11621820
2025-05-23 05:00:00+00:00,2080.0,2085.0,2070.0,2080.0,8544898
2025-05-26 00:00:00+00:00,2060.0,2080.0,2052.0,2075.0,0
2025-05-26 01:00:00+00:00,2047.0,2065.0,2040.0,2060.0,19911714
2025-05-26 02:00:00+00:00,2025.0,2050.0,2010.0,2045.0,28585542
2025-05-26 03:00:00+00:00,2037.0,2040.0,2020.0,2030.0,7981468
2025-05-26 04:00:00+00:00,2030.0,2040.0,2020.0,2035.0,9221579
2025-05-26 05:00:00+00:00,2030.0,2040.0,2020.0,2025.0,6457338
2025-05-27 00:00:00+00:00,2010.0,2035.0,2000.0,2030.0,37625079
2025-05-27 01:00:00+00:00,2020.0,2025.0,2005.0,2010.0,9426829
2025-05-27 02:00:00+00:00,2015.0,2025.0,2010.0,2017.0,6438430
2025-05-27 03:00:00+00:00,2022.0,2025.0,2010.0,2012.0,4062398
2025-05-27 04:00:00+00:00,2022.0,2030.0,2015.0,2020.0,4084879
2025-05-27 05:00:00+00:00,2017.0,2025.0,2010.0,2022.0,6900848
2025-05-28 00:00:00+00:00,1936.0,1999.0,1934.0,1995.0,98073986
2025-05-28 01:00:00+00:00,1930.0,1937.0,1914.0,1935.0,47225462
2025-05-28 02:00:00+00:00,1918.0,1937.0,1915.0,1931.0,23480413
2025-05-28 03:00:00+00:00,1930.0,1934.0,1913.0,1918.0,17323004
2025-05-28 04:00:00+00:00,1947.0,1949.0,1928.0,1930.0,25721492
2025-05-28 05:00:00+00:00,1948.0,1953.0,1941.0,1946.0,22847358
2025-05-29 00:00:00+00:00,1898.0,1923.0,1893.0,1909.0,78745924
2025-05-29 01:00:00+00:00,1894.0,1906.0,1884.0,1897.0,40203416
2025-05-29 02:00:00+00:00,1881.0,1894.0,1876.0,1894.0,31959118
2025-05-29 03:00:00+00:00,1878.0,1886.0,1872.0,1881.0,28795472
2025-05-29 04:00:00+00:00,1877.0,1883.0,1872.0,1878.0,22886809
2025-05-29 05:00:00+00:00,1874.0,1883.0,1871.0,1877.0,20367674
2025-05-30 00:00:00+00:00,1882.0,1895.0,1877.0,1889.0,65336377
2025-05-30 01:00:00+00:00,1891.0,1897.0,1883.0,1883.0,34020775
2025-05-30 02:00:00+00:00,1895.0,1897.0,1889.0,1891.0,9851591
2025-05-30 03:00:00+00:00,1900.0,1902.0,1894.0,1895.0,13817420
2025-05-30 04:00:00+00:00,1910.0,1916.0,1899.0,1899.0,18955736
2025-05-30 05:00:00+00:00,1908.0,1913.0,1903.0,1910.0,14347068
2025-06-02 00:00:00+00:00,1904.0,1926.0,1876.0,1924.0,0
2025-06-02 01:00:00+00:00,1908.0,1909.0,1895.0,1904.0,24958747
2025-06-02 02:00:00+00:00,1919.0,1919.0,1900.0,1908.0,13067765
2025-06-02 03:00:00+00:00,1923.0,1925.0,1914.0,1919.0,20125242
2025-06-02 04:00:00+00:00,1923.0,1932.0,1921.0,1923.0,17108242
2025-06-02 05:00:00+00:00,1914.0,1925.0,1909.0,1924.0,23348416
2025-06-04 00:00:00+00:00,1818.0,1861.0,1817.0,1859.0,0
2025-06-04 01:00:00+00:00,1807.0,1819.0,1805.0,1818.0,33244935
2025-06-04 02:00:00+00:00,1808.0,1813.0,1805.0,1807.0,13273558
2025-06-04 03:00:00+00:00,1805.0,1810.0,1802.0,1808.0,13981330
2025-06-04 04:00:00+00:00,1809.0,1814.0,1804.0,1804.0,16159300
2025-06-04 05:00:00+00:00,1806.0,1811.0,1804.0,1810.0,13771482
2025-06-05 00:00:00+00:00,1746.0,1780.0,1745.0,1776.0,81087835
2025-06-05 01:00:00+00:00,1714.0,1749.0,1711.0,1746.0,93854883
2025-06-05 02:00:00+00:00,1729.0,1735.0,1704.0,1715.0,50594817
2025-06-05 03:00:00+00:00,1749.0,1749.0,1728.0,1730.0,31287044
2025-06-05 04:00:00+00:00,1750.0,1750.0,1738.0,1749.0,26758320
2025-06-05 05:00:00+00:00,1740.0,1758.0,1737.0,1749.0,32671587
2025-06-09 00:00:00+00:00,1678.0,1698.0,1666.0,1690.0,0
2025-06-09 01:00:00+00:00,1664.0,1684.0,1662.0,1677.0,57894478
2025-06-09 02:00:00+00:00,1667.0,1679.0,1660.0,1664.0,36651374
2025-06-09 03:00:00+00:00,1676.0,1681.0,1665.0,1667.0,22964179
2025-06-09 04:00:00+00:00,1682.0,1684.0,1673.0,1676.0,29069556
2025-06-09 05:00:00+00:00,1689.0,1690.0,1680.0,1682.0,22930869
2025-06-10 00:00:00+00:00,1670.0,1692.0,1659.0,1664.0,111647409
2025-06-10 01:00:00+00:00,1647.0,1671.0,1646.0,1670.0,47878974
2025-06-10 02:00:00+00:00,1657.0,1658.0,1645.0,1647.0,32121972
2025-06-10 03:00:00+00:00,1652.0,1661.0,1647.0,1656.0,26139463
2025-06-10 04:00:00+00:00,1671.0,1676.0,1650.0,1651.0,42490799
2025-06-10 05:00:00+00:00,1676.0,1685.0,1663.0,1671.0,38819744
2025-06-11 00:00:00+00:00,1630.0,1653.0,1619.0,1644.0,105205095
2025-06-11 01:00:00+00:00,1640.0,1651.0,1625.0,1630.0,56183042
2025-06-11 02:00:00+00:00,1638.0,1642.0,1631.0,1640.0,21846433
2025-06-11 03:00:00+00:00,1634.0,1642.0,1631.0,1638.0,17659309
2025-06-11 04:00:00+00:00,1631.0,1635.0,1623.0,1634.0,31108014
2025-06-11 05:00:00+00:00,1626.0,1632.0,1617.0,1631.0,39668642
2025-06-12 00:00:00+00:00,1614.0,1624.0,1599.0,1623.0,118318899
2025-06-12 01:00:00+00:00,1608.0,1616.0,1602.0,1614.0,35451740
2025-06-12 02:00:00+00:00,1605.0,1612.0,1604.0,1608.0,18828158
2025-06-12 03:00:00+00:00,1600.0,1606.0,1592.0,1606.0,41676192
2025-06-12 04:00:00+00:00,1602.0,1604.0,1595.0,1600.0,17919999
2025-06-12 05:00:00+00:00,1618.0,1621.0,1600.0,1602.0,49020962
2025-06-13 00:00:00+00:00,1649.0,1652.0,1598.0,1602.0,205374808
2025-06-13 01:00:00+00:00,1633.0,1658.0,1628.0,1649.0,76535387
2025-06-13 02:00:00+00:00,1647.0,1658.0,1630.0,1633.0,51087917
2025-06-13 03:00:00+00:00,1639.0,1649.0,1638.0,1647.0,29387011
2025-06-13 04:00:00+00:00,1654.0,1659.0,1639.0,1639.0,33327735
2025-06-13 05:00:00+00:00,1639.0,1657.0,1637.0,1654.0,29973579
2025-06-16 00:00:00+00:00,1643.0,1652.0,1617.0,1627.0,0
2025-06-16 01:00:00+00:00,1625.0,1644.0,1623.0,1643.0,38412999
2025-06-16 02:00:00+00:00,1620.0,1629.0,1618.0,1625.0,23788005
2025-06-16 03:00:00+00:00,1618.0,1624.0,1615.0,1621.0,18832556
2025-06-16 04:00:00+00:00,1608.0,1619.0,1606.0,1619.0,32167326
2025-06-16 05:00:00+00:00,1591.0,1609.0,1590.0,1608.0,57080975
2025-06-17 00:00:00+00:00,1525.0,1585.0,1516.0,1570.0,178877064
2025-06-17 01:00:00+00:00,1547.0,1552.0,1514.0,1525.0,73771826
2025-06-17 02:00:00+00:00,1553.0,1569.0,1543.0,1548.0,55484845
2025-06-17 03:00:00+00:00,1567.0,1569.0,1550.0,1553.0,32623374
2025-06-17 04:00:00+00:00,1578.0,1595.0,1563.0,1567.0,84825108
2025-06-17 05:00:00+00:00,1582.0,1586.0,1574.0,1578.0,35994777
2025-06-18 00:00:00+00:00,1571.0,1604.0,1556.0,1597.0,98113283
2025-06-18 01:00:00+00:00,1549.0,1572.0,1540.0,1570.0,61658069
2025-06-18 02:00:00+00:00,1550.0,1556.0,1534.0,1549.0,35918560
2025-06-18 03:00:00+00:00,1556.0,1557.0,1546.0,1550.0,23024893
2025-06-18 04:00:00+00:00,1553.0,1568.0,1550.0,1556.0,41800892
2025-06-18 05:00:00+00:00,1554.0,1557.0,1547.0,1552.0,17269358
2025-06-19 00:00:00+00:00,1552.0,1563.0,1519.0,1527.0,99074390
2025-06-19 01:00:00+00:00,1561.0,1569.0,1553.0,1556.0,48755695
2025-06-19 02:00:00+00:00,1562.0,1566.0,1559.0,1562.0,19512803
2025-06-19 03:00:00+00:00,1550.0,1562.0,1549.0,1562.0,22771367
2025-06-19 04:00:00+00:00,1551.0,1556.0,1545.0,1550.0,22375306
2025-06-19 05:00:00+00:00,1545.0,1556.0,1543.0,1550.0,18046127
2025-06-20 00:00:00+00:00,1530.0,1547.0,1522.0,1536.0,95407170
2025-06-20 01:00:00+00:00,1515.0,1533.0,1514.0,1530.0,64018452
2025-06-20 02:00:00+00:00,1511.0,1517.0,1505.0,1515.0,44946544
2025-06-20 03:00:00+00:00,1505.0,1512.0,1500.0,1511.0,39347662
2025-06-20 04:00:00+00:00,1505.0,1508.0,1498.0,1505.0,34481137
2025-06-20 05:00:00+00:00,1502.0,1510.0,1501.0,1506.0,25088450
2025-06-23 00:00:00+00:00,1536.0,1556.0,1524.0,1525.0,0
2025-06-23 01:00:00+00:00,1524.0,1542.0,1521.0,1537.0,64245369
2025-06-23 02:00:00+00:00,1521.0,1526.0,1517.0,1523.0,27871031
2025-06-23 03:00:00+00:00,1514.0,1530.0,1512.0,1521.0,30807174
2025-06-23 04:00:00+00:00,1514.0,1517.0,1510.0,1513.0,20890739
2025-06-23 05:00:00+00:00,1502.0,1514.0,1501.0,1513.0,28377664
2025-06-24 00:00:00+00:00,1424.0,1452.0,1420.0,1451.0,163897232
2025-06-24 01:00:00+00:00,1410.0,1425.0,1404.0,1424.0,78702504
2025-06-24 02:00:00+00:00,1415.0,1430.0,1408.0,1410.0,55117668
2025-06-24 03:00:00+00:00,1410.0,1415.0,1402.0,1414.0,44834208
2025-06-24 04:00:00+00:00,1410.0,1421.0,1405.0,1410.0,37557729
2025-06-24 05:00:00+00:00,1410.0,1413.0,1405.0,1411.0,29072088
2025-06-25 00:00:00+00:00,1393.0,1421.0,1374.0,1383.0,159759401
2025-06-25 01:00:00+00:00,1396.0,1403.0,1387.0,1394.0,53372767
2025-06-25 02:00:00+00:00,1402.0,1405.0,1390.0,1396.0,26580064
2025-06-25 03:00:00+00:00,1407.0,1408.0,1398.0,1403.0,21601727
2025-06-25 04:00:00+00:00,1401.0,1413.0,1401.0,1407.0,28243060
2025-06-25 05:00:00+00:00,1394.0,1403.0,1388.0,1401.0,38329755
2025-06-26 00:00:00+00:00,1409.0,1418.0,1389.0,1394.0,124854786
2025-06-26 01:00:00+00:00,1447.0,1448.0,1409.0,1410.0,81691130
2025-06-26 02:00:00+00:00,1453.0,1456.0,1430.0,1447.0,67667521
2025-06-26 03:00:00+00:00,1431.0,1457.0,1430.0,1453.0,48561577
2025-06-26 04:00:00+00:00,1423.0,1436.0,1420.0,1431.0,48783516
2025-06-26 05:00:00+00:00,1419.0,1429.0,1416.0,1423.0,28758159
2025-06-27 00:00:00+00:00,1425.0,1427.0,1404.0,1421.0,104940034
2025-06-27 01:00:00+00:00,1427.0,1430.0,1419.0,1425.0,52240233
2025-06-27 02:00:00+00:00,1433.0,1439.0,1417.0,1426.0,51461212
2025-06-27 03:00:00+00:00,1441.0,1444.0,1431.0,1433.0,36804268
2025-06-27 04:00:00+00:00,1445.0,1449.0,1435.0,1440.0,35789705
2025-06-27 05:00:00+00:00,1436.0,1447.0,1433.0,1445.0,30025629
2025-06-30 00:00:00+00:00,1418.0,1432.0,1407.0,1419.0,0
2025-06-30 01:00:00+00:00,1413.0,1420.0,1405.0,1419.0,48458373
2025-06-30 02:00:00+00:00,1414.0,1418.0,1405.0,1412.0,33835864
2025-06-30 03:00:00+00:00,1411.0,1416.0,1409.0,1414.0,12648650
2025-06-30 04:00:00+00:00,1413.0,1414.0,1405.0,1410.0,21926195
2025-06-30 05:00:00+00:00,1422.0,1423.0,1412.0,1412.0,25423964
2025-07-01 00:00:00+00:00,1377.0,1409.0,1364.0,1406.0,164200275
2025-07-01 01:00:00+00:00,1374.0,1377.0,1363.0,1376.0,65799545
2025-07-01 02:00:00+00:00,1379.0,1383.0,1372.0,1375.0,36568627
2025-07-01 03:00:00+00:00,1386.0,1390.0,1376.0,1379.0,27351738
2025-07-01 04:00:00+00:00,1394.0,1395.0,1382.0,1386.0,35200720
2025-07-01 05:00:00+00:00,1403.0,1405.0,1387.0,1394.0,41131174
2025-07-02 00:00:00+00:00,1448.0,1453.0,1409.0,1418.0,155222363
2025-07-02 01:00:00+00:00,1450.0,1460.0,1434.0,1449.0,84545517
2025-07-02 02:00:00+00:00,1439.0,1456.0,1439.0,1451.0,30210963
2025-07-02 03:00:00+00:00,1438.0,1446.0,1438.0,1438.0,23790928
2025-07-02 04:00:00+00:00,1433.0,1443.0,1430.0,1439.0,37057347
2025-07-02 05:00:00+00:00,1431.0,1435.0,1428.0,1433.0,19749235
2025-07-03 00:00:00+00:00,1391.0,1415.0,1388.0,1408.0,128234807
2025-07-03 01:00:00+00:00,1398.0,1399.0,1382.0,1392.0,51231220
2025-07-03 02:00:00+00:00,1394.0,1406.0,1393.0,1398.0,47882201
2025-07-03 03:00:00+00:00,1391.0,1395.0,1388.0,1395.0,34518780
2025-07-03 04:00:00+00:00,1389.0,1392.0,1385.0,1390.0,36729801
2025-07-03 05:00:00+00:00,1381.0,1390.0,1379.0,1389.0,43597956
2025-07-04 00:00:00+00:00,1393.0,1403.0,1368.0,1372.0,157515449
2025-07-04 01:00:00+00:00,1405.0,1406.0,1392.0,1393.0,60459100
2025-07-04 02:00:00+00:00,1421.0,1429.0,1405.0,1405.0,64309656
2025-07-04 03:00:00+00:00,1414.0,1424.0,1410.0,1420.0,33559880
2025-07-04 04:00:00+00:00,1419.0,1425.0,1413.0,1415.0,29077065
2025-07-04 05:00:00+00:00,1429.0,1430.0,1415.0,1418.0,42766318
2025-07-07 00:00:00+00:00,1428.0,1462.0,1424.0,1453.0,0
2025-07-07 01:00:00+00:00,1437.0,1444.0,1419.0,1428.0,70807080
2025-07-07 02:00:00+00:00,1433.0,1441.0,1427.0,1438.0,26487671
2025-07-07 03:00:00+00:00,1428.0,1439.0,1425.0,1433.0,20514997
2025-07-07 04:00:00+00:00,1429.0,1431.0,1422.0,1427.0,22381835
2025-07-07 05:00:00+00:00,1426.0,1431.0,1420.0,1429.0,27436379
2025-07-08 00:00:00+00:00,1385.0,1424.0,1378.0,1422.0,153518592
2025-07-08 01:00:00+00:00,1408.0,1409.0,1381.0,1384.0,73514378
2025-07-08 02:00:00+00:00,1391.0,1409.0,1389.0,1408.0,33181581
2025-07-08 03:00:00+00:00,1389.0,1395.0,1386.0,1391.0,25175796
2025-07-08 04:00:00+00:00,1384.0,1391.0,1382.0,1389.0,28649195
2025-07-08 05:00:00+00:00,1375.0,1385.0,1373.0,1384.0,42356358
2025-07-09 00:00:00+00:00,1383.0,1390.0,1371.0,1375.0,122931093
2025-07-09 01:00:00+00:00,1373.0,1387.0,1370.0,1384.0,60515260
2025-07-09 02:00:00+00:00,1380.0,1384.0,1370.0,1372.0,33655151
2025-07-09 03:00:00+00:00,1373.0,1381.0,1371.0,1380.0,27002930
2025-07-09 04:00:00+00:00,1367.0,1373.0,1363.0,1373.0,41641282
2025-07-09 05:00:00+00:00,1368.0,1372.0,1365.0,1367.0,22776198
2025-07-10 00:00:00+00:00,1358.0,1374.0,1345.0,1362.0,170460688
2025-07-10 01:00:00+00:00,1355.0,1359.0,1350.0,1358.0,40992143
2025-07-10 02:00:00+00:00,1343.0,1355.0,1339.0,1355.0,67750464
2025-07-10 03:00:00+00:00,1343.0,1352.0,1342.0,1343.0,30831414
2025-07-10 04:00:00+00:00,1333.0,1349.0,1332.0,1344.0,50894011
2025-07-10 05:00:00+00:00,1335.0,1338.0,1332.0,1332.0,40201990
2025-07-11 00:00:00+00:00,1324.0,1334.0,1294.0,1330.0,226730438
2025-07-11 01:00:00+00:00,1319.0,1332.0,1310.0,1324.0,63265441
2025-07-11 02:00:00+00:00,1327.0,1337.0,1316.0,1320.0,40549143
2025-07-11 03:00:00+00:00,1322.0,1328.0,1321.0,1327.0,18926759
2025-07-11 04:00:00+00:00,1323.0,1327.0,1319.0,1322.0,24399666
2025-07-11 05:00:00+00:00,1334.0,1334.0,1322.0,1323.0,26563037
2025-07-14 00:00:00+00:00,1318.0,1340.0,1312.0,1338.0,0
2025-07-14 01:00:00+00:00,1326.0,1326.0,1308.0,1318.0,78610722
2025-07-14 02:00:00+00:00,1326.0,1328.0,1319.0,1325.0,30265988
2025-07-14 03:00:00+00:00,1315.0,1328.0,1313.0,1326.0,29697214
2025-07-14 04:00:00+00:00,1310.0,1317.0,1308.0,1315.0,28725979
2025-07-14 05:00:00+00:00,1305.0,1311.0,1304.0,1310.0,41498456
2025-07-15 00:00:00+00:00,1312.0,1326.0,1309.0,1315.0,129775032
2025-07-15 01:00:00+00:00,1303.0,1320.0,1295.0,1311.0,101720654
2025-07-15 02:00:00+00:00,1312.0,1316.0,1298.0,1303.0,46796649
2025-07-15 03:00:00+00:00,1310.0,1316.0,1307.0,1312.0,20490732
2025-07-15 04:00:00+00:00,1310.0,1314.0,1307.0,1310.0,21943109
2025-07-15 05:00:00+00:00,1296.0,1310.0,1291.0,1310.0,55819272
2025-07-16 00:00:00+00:00,1315.0,1325.0,1298.0,1300.0,129976177
2025-07-16 01:00:00+00:00,1306.0,1316.0,1304.0,1315.0,49735817
2025-07-16 02:00:00+00:00,1310.0,1314.0,1304.0,1306.0,21973394
2025-07-16 03:00:00+00:00,1307.0,1311.0,1305.0,1310.0,14215484
2025-07-16 04:00:00+00:00,1315.0,1315.0,1306.0,1307.0,31185485
2025-07-16 05:00:00+00:00,1318.0,1321.0,1312.0,1314.0,32476864
2025-07-17 00:00:00+00:00,1336.0,1347.0,1305.0,1305.0,155730196
2025-07-17 01:00:00+00:00,1328.0,1339.0,1326.0,1335.0,69634032
2025-07-17 02:00:00+00:00,1322.0,1331.0,1319.0,1328.0,53719165
2025-07-17 03:00:00+00:00,1315.0,1329.0,1314.0,1322.0,42298937
2025-07-17 04:00:00+00:00,1313.0,1320.0,1311.0,1315.0,38853223
2025-07-17 05:00:00+00:00,1315.0,1316.0,1308.0,1314.0,33994141
2025-07-18 00:00:00+00:00,1312.0,1319.0,1296.0,1305.0,108258664
2025-07-18 01:00:00+00:00,1327.0,1327.0,1310.0,1312.0,73673270
2025-07-18 02:00:00+00:00,1317.0,1328.0,1315.0,1327.0,28504751
2025-07-18 03:00:00+00:00,1321.0,1323.0,1315.0,1318.0,13215868
2025-07-18 04:00:00+00:00,1317.0,1326.0,1317.0,1321.0,22240897
2025-07-18 05:00:00+00:00,1312.0,1320.0,1310.0,1317.0,24989107
2025-07-21 00:00:00+00:00,1298.0,1315.0,1294.0,1315.0,0
2025-07-21 01:00:00+00:00,1299.0,1300.0,1289.0,1298.0,46965439
2025-07-21 02:00:00+00:00,1299.0,1302.0,1297.0,1299.0,14373963
2025-07-21 03:00:00+00:00,1297.0,1301.0,1294.0,1299.0,12419709
2025-07-21 04:00:00+00:00,1296.0,1299.0,1293.0,1297.0,10895674
2025-07-21 05:00:00+00:00,1295.0,1298.0,1292.0,1296.0,18544819
2025-07-22 00:00:00+00:00,1303.0,1308.0,1286.0,1294.0,96621108
2025-07-22 01:00:00+00:00,1307.0,1314.0,1303.0,1303.0,41488580
2025-07-22 02:00:00+00:00,1314.0,1316.0,1306.0,1308.0,26683756
2025-07-22 03:00:00+00:00,1324.0,1324.0,1313.0,1314.0,36231110
2025-07-22 04:00:00+00:00,1333.0,1342.0,1323.0,1324.0,83394054
2025-07-22 05:00:00+00:00,1335.0,1342.0,1332.0,1333.0,36010582
2025-07-23 00:00:00+00:00,1344.0,1345.0,1305.0,1315.0,116455905
2025-07-23 01:00:00+00:00,1329.0,1354.0,1325.0,1344.0,90573185
2025-07-23 02:00:00+00:00,1335.0,1343.0,1328.0,1329.0,24537816
2025-07-23 03:00:00+00:00,1324.0,1336.0,1324.0,1335.0,34913848
2025-07-23 04:00:00+00:00,1326.0,1331.0,1323.0,1325.0,22336399
2025-07-23 05:00:00+00:00,1321.0,1327.0,1316.0,1325.0,37930003
2025-07-24 00:00:00+00:00,1295.0,1302.0,1275.0,1300.0,215508830
2025-07-24 01:00:00+00:00,1302.0,1309.0,1293.0,1294.0,80297517
2025-07-24 02:00:00+00:00,1311.0,1320.0,1296.0,1302.0,56841320
2025-07-24 03:00:00+00:00,1320.0,1321.0,1310.0,1311.0,30897872
2025-07-24 04:00:00+00:00,1318.0,1326.0,1316.0,1319.0,34458834
2025-07-24 05:00:00+00:00,1323.0,1325.0,1316.0,1318.0,21813668
2025-07-25 00:00:00+00:00,1322.0,1331.0,1309.0,1329.0,99180094
2025-07-25 01:00:00+00:00,1313.0,1324.0,1308.0,1323.0,40668334
2025-07-25 02:00:00+00:00,1313.0,1319.0,1308.0,1313.0,34833800
2025-07-25 03:00:00+00:00,1311.0,1313.0,1305.0,1313.0,27205653
2025-07-25 04:00:00+00:00,1316.0,1319.0,1307.0,1311.0,23698642
2025-07-25 05:00:00+00:00,1320.0,1320.0,1310.0,1316.0,27577158
2025-07-28 00:00:00+00:00,1310.0,1328.0,1285.0,1290.0,0
2025-07-28 01:00:00+00:00,1319.0,1323.0,1309.0,1310.0,32505503
2025-07-28 02:00:00+00:00,1318.0,1330.0,1315.0,1319.0,28160378
2025-07-28 03:00:00+00:00,1321.0,1323.0,1317.0,1318.0,13352188
2025-07-28 04:00:00+00:00,1306.0,1321.0,1305.0,1321.0,39931999
2025-07-28 05:00:00+00:00,1304.0,1309.0,1302.0,1307.0,21140012
2025-07-29 00:00:00+00:00,1310.0,1338.0,1309.0,1315.0,168798620
2025-07-29 01:00:00+00:00,1301.0,1312.0,1294.0,1309.0,89825976
2025-07-29 02:00:00+00:00,1285.0,1304.0,1284.0,1301.0,61508213
2025-07-29 03:00:00+00:00,1288.0,1291.0,1281.0,1285.0,36238000
2025-07-29 04:00:00+00:00,1293.0,1296.0,1284.0,1287.0,28341248
2025-07-29 05:00:00+00:00,1287.0,1295.0,1283.0,1293.0,24525420
2025-07-30 00:00:00+00:00,1266.0,1287.0,1264.0,1286.0,162761926
2025-07-30 01:00:00+00:00,1264.0,1277.0,1262.0,1266.0,63192798
2025-07-30 02:00:00+00:00,1257.0,1268.0,1256.0,1264.0,48587074
2025-07-30 03:00:00+00:00,1256.0,1261.0,1254.0,1257.0,30728042
2025-07-30 04:00:00+00:00,1249.0,1256.0,1247.0,1256.0,51901246
2025-07-30 05:00:00+00:00,1252.0,1255.0,1248.0,1249.0,44578902
2025-07-31 00:00:00+00:00,1260.0,1267.0,1234.0,1244.0,166241350
2025-07-31 01:00:00+00:00,1267.0,1273.0,1255.0,1260.0,66160324
2025-07-31 02:00:00+00:00,1267.0,1273.0,1262.0,1267.0,28303026
2025-07-31 03:00:00+00:00,1276.0,1277.0,1266.0,1266.0,35045362
2025-07-31 04:00:00+00:00,1273.0,1280.0,1272.0,1276.0,24656903
2025-07-31 05:00:00+00:00,1274.0,1281.0,1272.0,1273.0,23055473
2025-08-01 00:00:00+00:00,1341.0,1346.0,1301.0,1307.0,194630787
2025-08-01 01:00:00+00:00,1347.0,1364.0,1341.0,1341.0,112108409
2025-08-01 02:00:00+00:00,1345.0,1350.0,1338.0,1347.0,36385158
2025-08-01 03:00:00+00:00,1359.0,1360.0,1342.0,1346.0,32916168
2025-08-01 04:00:00+00:00,1363.0,1364.0,1356.0,1360.0,43018039
2025-08-01 05:00:00+00:00,1367.0,1370.0,1358.0,1363.0,48572367
2025-08-04 00:00:00+00:00,1354.0,1387.0,1353.0,1380.0,0
2025-08-04 01:00:00+00:00,1350.0,1355.0,1337.0,1353.0,90270094
2025-08-04 02:00:00+00:00,1350.0,1356.0,1346.0,1350.0,42496642
2025-08-04 03:00:00+00:00,1339.0,1350.0,1339.0,1350.0,30692949
2025-08-04 04:00:00+00:00,1342.0,1343.0,1337.0,1340.0,23601896
2025-08-04 05:00:00+00:00,1340.0,1345.0,1335.0,1341.0,37818072
2025-08-05 00:00:00+00:00,1304.0,1314.0,1290.0,1313.0,183898139
2025-08-05 01:00:00+00:00,1309.0,1316.0,1299.0,1303.0,42513239
2025-08-05 02:00:00+00:00,1325.0,1327.0,1304.0,1309.0,54840472
2025-08-05 03:00:00+00:00,1312.0,1325.0,1311.0,1325.0,29189565
2025-08-05 04:00:00+00:00,1306.0,1313.0,1306.0,1312.0,26744997
2025-08-05 05:00:00+00:00,1305.0,1311.0,1304.0,1306.0,34661485
2025-08-06 00:00:00+00:00,1325.0,1330.0,1312.0,1323.0,163792698
2025-08-06 01:00:00+00:00,1311.0,1326.0,1311.0,1325.0,38880506
2025-08-06 02:00:00+00:00,1315.0,1316.0,1309.0,1311.0,26644840
2025-08-06 03:00:00+00:00,1318.0,1320.0,1313.0,1315.0,21895515
2025-08-06 04:00:00+00:00,1316.0,1319.0,1314.0,1317.0,19792039
2025-08-06 05:00:00+00:00,1308.0,1319.0,1306.0,1315.0,42772139
2025-08-07 00:00:00+00:00,1297.0,1311.0,1287.0,1292.0,125419432
2025-08-07 01:00:00+00:00,1296.0,1297.0,1288.0,1297.0,49184960
2025-08-07 02:00:00+00:00,1298.0,1301.0,1295.0,1296.0,19906952
2025-08-07 03:00:00+00:00,1292.0,1298.0,1290.0,1298.0,17402091
2025-08-07 04:00:00+00:00,1289.0,1292.0,1285.0,1292.0,44956322
2025-08-07 05:00:00+00:00,1292.0,1293.0,1288.0,1289.0,17647356
2025-08-08 00:00:00+00:00,1283.0,1295.0,1276.0,1285.0,141097099
2025-08-08 01:00:00+00:00,1287.0,1289.0,1280.0,1283.0,34675246
2025-08-08 02:00:00+00:00,1281.0,1287.0,1277.0,1286.0,34718470
2025-08-08 03:00:00+00:00,1293.0,1294.0,1280.0,1281.0,32005043
2025-08-08 04:00:00+00:00,1296.0,1298.0,1289.0,1293.0,24377095
2025-08-08 05:00:00+00:00,1298.0,1301.0,1292.0,1296.0,20512419
2025-08-11 00:00:00+00:00,1291.0,1300.0,1283.0,1287.0,0
2025-08-11 01:00:00+00:00,1288.0,1300.0,1285.0,1291.0,30138088
2025-08-11 02:00:00+00:00,1289.0,1294.0,1286.0,1287.0,17809131
2025-08-11 03:00:00+00:00,1288.0,1288.0,1283.0,1288.0,21909045
2025-08-11 04:00:00+00:00,1292.0,1293.0,1286.0,1287.0,15841142
2025-08-11 05:00:00+00:00,1292.0,1295.0,1289.0,1292.0,13177998
2025-08-12 00:00:00+00:00,1267.0,1296.0,1263.0,1295.0,181895762
2025-08-12 01:00:00+00:00,1267.0,1271.0,1259.0,1268.0,90412774
2025-08-12 02:00:00+00:00,1278.0,1282.0,1266.0,1268.0,43135496
2025-08-12 03:00:00+00:00,1284.0,1284.0,1277.0,1278.0,24242246
2025-08-12 04:00:00+00:00,1287.0,1292.0,1284.0,1284.0,33357864
2025-08-12 05:00:00+00:00,1298.0,1300.0,1286.0,1287.0,43637436
2025-08-13 00:00:00+00:00,1294.0,1295.0,1271.0,1277.0,117082482
2025-08-13 01:00:00+00:00,1288.0,1301.0,1288.0,1294.0,48448199
2025-08-13 02:00:00+00:00,1282.0,1290.0,1279.0,1287.0,36676983
2025-08-13 03:00:00+00:00,1281.0,1284.0,1277.0,1282.0,21208408
2025-08-13 04:00:00+00:00,1278.0,1284.0,1275.0,1280.0,21939889
2025-08-13 05:00:00+00:00,1277.0,1278.0,1273.0,1278.0,30108302
2025-08-14 00:00:00+00:00,1280.0,1281.0,1260.0,1267.0,93704541
2025-08-14 01:00:00+00:00,1276.0,1282.0,1273.0,1281.0,31681991
2025-08-14 02:00:00+00:00,1277.0,1280.0,1274.0,1276.0,14675252
2025-08-14 03:00:00+00:00,1283.0,1286.0,1276.0,1277.0,25794639
2025-08-14 04:00:00+00:00,1275.0,1283.0,1273.0,1283.0,22329565
2025-08-14 05:00:00+00:00,1278.0,1278.0,1272.0,1275.0,16485513
2025-08-18 00:00:00+00:00,1302.0,1312.0,1287.0,1287.0,0
2025-08-18 01:00:00+00:00,1310.0,1312.0,1300.0,1302.0,27798478
2025-08-18 02:00:00+00:00,1309.0,1314.0,1306.0,1310.0,22018188
2025-08-18 03:00:00+00:00,1307.0,1311.0,1305.0,1309.0,9771037
2025-08-18 04:00:00+00:00,1311.0,1311.0,1305.0,1307.0,11168024
2025-08-18 05:00:00+00:00,1312.0,1312.0,1306.0,1311.0,11758013
2025-08-19 00:00:00+00:00,1317.0,1340.0,1305.0,1305.0,123178214
2025-08-19 01:00:00+00:00,1324.0,1327.0,1312.0,1317.0,61252631
2025-08-19 02:00:00+00:00,1327.0,1329.0,1321.0,1324.0,21755228
2025-08-19 03:00:00+00:00,1320.0,1327.0,1316.0,1326.0,25688978
2025-08-19 04:00:00+00:00,1328.0,1329.0,1320.0,1320.0,19696020
2025-08-19 05:00:00+00:00,1340.0,1341.0,1325.0,1328.0,42972408
2025-08-20 00:00:00+00:00,1368.0,1390.0,1353.0,1354.0,209300587
2025-08-20 01:00:00+00:00,1385.0,1391.0,1361.0,1369.0,91207151
2025-08-20 02:00:00+00:00,1376.0,1388.0,1372.0,1385.0,35226417
2025-08-20 03:00:00+00:00,1380.0,1385.0,1375.0,1376.0,27855393
2025-08-20 04:00:00+00:00,1365.0,1383.0,1361.0,1380.0,52643262
2025-08-20 05:00:00+00:00,1352.0,1370.0,1351.0,1364.0,83552262
2025-08-21 00:00:00+00:00,1328.0,1349.0,1322.0,1343.0,141902249
2025-08-21 01:00:00+00:00,1329.0,1336.0,1324.0,1327.0,34688289
2025-08-21 02:00:00+00:00,1324.0,1331.0,1322.0,1330.0,25890210
2025-08-21 03:00:00+00:00,1330.0,1331.0,1322.0,1324.0,19957156
2025-08-21 04:00:00+00:00,1337.0,1339.0,1330.0,1330.0,31870609
2025-08-21 05:00:00+00:00,1338.0,1344.0,1333.0,1337.0,39669591
2025-08-22 00:00:00+00:00,1317.0,1329.0,1308.0,1329.0,159697485
2025-08-22 01:00:00+00:00,1320.0,1323.0,1313.0,1317.0,43793615
2025-08-22 02:00:00+00:00,1324.0,1325.0,1316.0,1320.0,22970672
2025-08-22 03:00:00+00:00,1329.0,1330.0,1323.0,1324.0,26307763
2025-08-22 04:00:00+00:00,1324.0,1330.0,1322.0,1329.0,18579615
2025-08-22 05:00:00+00:00,1320.0,1324.0,1316.0,1324.0,34225932
2025-08-25 00:00:00+00:00,1299.0,1312.0,1297.0,1297.0,0
2025-08-25 01:00:00+00:00,1301.0,1308.0,1298.0,1298.0,58742665
2025-08-25 02:00:00+00:00,1296.0,1302.0,1293.0,1301.0,46166429
2025-08-25 03:00:00+00:00,1291.0,1298.0,1290.0,1296.0,25094110
2025-08-25 04:00:00+00:00,1295.0,1296.0,1289.0,1291.0,19429023
2025-08-25 05:00:00+00:00,1295.0,1298.0,1293.0,1294.0,18922528
2025-08-26 00:00:00+00:00,1309.0,1317.0,1295.0,1297.0,163742560
2025-08-26 01:00:00+00:00,1314.0,1315.0,1304.0,1309.0,38207293
2025-08-26 02:00:00+00:00,1314.0,1319.0,1310.0,1314.0,20704927
2025-08-26 03:00:00+00:00,1312.0,1318.0,1309.0,1314.0,21913900
2025-08-26 04:00:00+00:00,1312.0,1317.0,1311.0,1312.0,12004107
2025-08-26 05:00:00+00:00,1314.0,1315.0,1308.0,1313.0,17371934
2025-08-27 00:00:00+00:00,1320.0,1330.0,1309.0,1313.0,111896154
2025-08-27 01:00:00+00:00,1315.0,1322.0,1312.0,1321.0,59263775
2025-08-27 02:00:00+00:00,1318.0,1318.0,1312.0,1315.0,23145831
2025-08-27 03:00:00+00:00,1315.0,1318.0,1308.0,1318.0,32247690
2025-08-27 04:00:00+00:00,1312.0,1316.0,1310.0,1315.0,16530456
2025-08-27 05:00:00+00:00,1313.0,1315.0,1310.0,1312.0,18509958
2025-08-28 00:00:00+00:00,1300.0,1333.0,1298.0,1320.0,179717254
2025-08-28 01:00:00+00:00,1300.0,1303.0,1296.0,1300.0,40965140
2025-08-28 02:00:00+00:00,1295.0,1300.0,1293.0,1299.0,26965857
2025-08-28 03:00:00+00:00,1294.0,1296.0,1290.0,1294.0,19377361
2025-08-28 04:00:00+00:00,1288.0,1294.0,1285.0,1294.0,31914453
2025-08-28 05:00:00+00:00,1297.0,1297.0,1287.0,1288.0,26030389
2025-08-29 00:00:00+00:00,1298.0,1299.0,1284.0,1289.0,66395456
2025-08-29 01:00:00+00:00,1303.0,1306.0,1297.0,1299.0,45026182
2025-08-29 02:00:00+00:00,1306.0,1309.0,1302.0,1303.0,25694959
2025-08-29 03:00:00+00:00,1306.0,1307.0,1302.0,1306.0,11019469
2025-08-29 04:00:00+00:00,1306.0,1308.0,1302.0,1306.0,14223688
2025-08-29 05:00:00+00:00,1309.0,1310.0,1302.0,1305.0,28282598
2025-09-01 00:00:00+00:00,1327.0,1346.0,1324.0,1331.0,0
2025-09-01 01:00:00+00:00,1329.0,1330.0,1320.0,1327.0,35160921
2025-09-01 02:00:00+00:00,1336.0,1338.0,1325.0,1328.0,32319789
2025-09-01 03:00:00+00:00,1343.0,1344.0,1336.0,1337.0,29446620
2025-09-01 04:00:00+00:00,1351.0,1352.0,1342.0,1343.0,57370075
2025-09-01 05:00:00+00:00,1350.0,1358.0,1347.0,1352.0,35740310
2025-09-02 00:00:00+00:00,1331.0,1346.0,1327.0,1346.0,154449674
2025-09-02 01:00:00+00:00,1328.0,1336.0,1324.0,1332.0,73489503
2025-09-02 02:00:00+00:00,1328.0,1332.0,1323.0,1328.0,40535092
2025-09-02 03:00:00+00:00,1322.0,1331.0,1321.0,1328.0,26838397
2025-09-02 04:00:00+00:00,1323.0,1324.0,1319.0,1322.0,32368972
2025-09-02 05:00:00+00:00,1324.0,1327.0,1321.0,1323.0,19994769
2025-09-03 00:00:00+00:00,1319.0,1328.0,1307.0,1323.0,136081153
2025-09-03 01:00:00+00:00,1310.0,1320.0,1310.0,1319.0,37869816
2025-09-03 02:00:00+00:00,1310.0,1317.0,1308.0,1310.0,34363829
2025-09-03 03:00:00+00:00,1310.0,1314.0,1307.0,1310.0,26345573
2025-09-03 04:00:00+00:00,1315.0,1317.0,1308.0,1310.0,21646848
2025-09-03 05:00:00+00:00,1314.0,1315.0,1310.0,1314.0,17960609
2025-09-04 00:00:00+00:00,1303.0,1312.0,1294.0,1311.0,104329000
2025-09-04 01:00:00+00:00,1297.0,1306.0,1295.0,1303.0,40815982
2025-09-04 02:00:00+00:00,1296.0,1298.0,1290.0,1297.0,50108850
2025-09-04 03:00:00+00:00,1306.0,1308.0,1296.0,1297.0,33101006
2025-09-04 04:00:00+00:00,1305.0,1310.0,1305.0,1306.0,18143227
2025-09-04 05:00:00+00:00,1304.0,1309.0,1303.0,1306.0,21405291
2025-09-05 00:00:00+00:00,1291.0,1295.0,1281.0,1290.0,105355713
2025-09-05 01:00:00+00:00,1294.0,1300.0,1289.0,1291.0,27911515
2025-09-05 02:00:00+00:00,1294.0,1297.0,1291.0,1293.0,17958501
2025-09-05 03:00:00+00:00,1292.0,1295.0,1290.0,1295.0,15878030
2025-09-05 04:00:00+00:00,1292.0,1293.0,1288.0,1292.0,16569014
2025-09-05 05:00:00+00:00,1289.0,1293.0,1286.0,1292.0,18515419
2025-09-08 00:00:00+00:00,1286.0,1290.0,1282.0,1286.0,0
2025-09-08 01:00:00+00:00,1284.0,1287.0,1279.0,1286.0,41947120
2025-09-08 02:00:00+00:00,1288.0,1290.0,1283.0,1284.0,19088947
2025-09-08 03:00:00+00:00,1287.0,1289.0,1285.0,1288.0,7313207
2025-09-08 04:00:00+00:00,1290.0,1292.0,1286.0,1287.0,9352311
2025-09-08 05:00:00+00:00,1289.0,1293.0,1288.0,1291.0,10485649
2025-09-09 00:00:00+00:00,1272.0,1280.0,1269.0,1273.0,73184508
2025-09-09 01:00:00+00:00,1263.0,1273.0,1261.0,1272.0,60603205
2025-09-09 02:00:00+00:00,1251.0,1263.0,1250.0,1263.0,55660380
2025-09-09 03:00:00+00:00,1248.0,1253.0,1246.0,1251.0,39887311
2025-09-09 04:00:00+00:00,1248.0,1250.0,1246.0,1248.0,26775766
2025-09-09 05:00:00+00:00,1245.0,1253.0,1244.0,1248.0,34970486
2025-09-10 00:00:00+00:00,1207.0,1237.0,1201.0,1236.0,164890175
2025-09-10 01:00:00+00:00,1201.0,1208.0,1197.0,1207.0,57133296
2025-09-10 02:00:00+00:00,1199.0,1204.0,1197.0,1202.0,28034138
2025-09-10 03:00:00+00:00,1197.0,1200.0,1195.0,1199.0,28142308
2025-09-10 04:00:00+00:00,1195.0,1198.0,1192.0,1197.0,32305736
2025-09-10 05:00:00+00:00,1191.0,1195.0,1190.0,1195.0,29848341
2025-09-11 00:00:00+00:00,1184.0,1191.0,1168.0,1178.0,113258214
2025-09-11 01:00:00+00:00,1192.0,1197.0,1176.0,1184.0,72673671
2025-09-11 02:00:00+00:00,1181.0,1195.0,1180.0,1192.0,26553687
2025-09-11 03:00:00+00:00,1177.0,1187.0,1176.0,1182.0,25666772
2025-09-11 04:00:00+00:00,1181.0,1185.0,1175.0,1177.0,28098571
2025-09-11 05:00:00+00:00,1180.0,1182.0,1178.0,1181.0,15611476
2025-09-12 00:00:00+00:00,1140.0,1156.0,1140.0,1146.0,205186980
2025-09-12 01:00:00+00:00,1131.0,1142.0,1129.0,1140.0,120962903
2025-09-12 02:00:00+00:00,1132.0,1136.0,1128.0,1131.0,41214370
2025-09-12 03:00:00+00:00,1133.0,1135.0,1130.0,1133.0,19007647
2025-09-12 04:00:00+00:00,1131.0,1133.0,1127.0,1133.0,49563901
2025-09-12 05:00:00+00:00,1129.0,1132.0,1126.0,1131.0,42008219
2025-09-15 00:00:00+00:00,1117.0,1122.0,1102.0,1113.0,0
2025-09-15 01:00:00+00:00,1120.0,1127.0,1112.0,1117.0,67382909
2025-09-15 02:00:00+00:00,1112.0,1121.0,1110.0,1121.0,43131040
2025-09-15 03:00:00+00:00,1109.0,1113.0,1107.0,1113.0,27558644
2025-09-15 04:00:00+00:00,1113.0,1115.0,1107.0,1109.0,23822923
2025-09-15 05:00:00+00:00,1114.0,1115.0,1111.0,1113.0,17581680
2025-09-16 00:00:00+00:00,1100.0,1104.0,1099.0,1104.0,0
2025-09-16 01:00:00+00:00,1089.0,1101.0,1088.0,1101.0,105957178
2025-09-16 02:00:00+00:00,1082.0,1090.0,1076.0,1089.0,98960502
2025-09-16 03:00:00+00:00,1078.0,1082.0,1077.0,1081.0,32054559
2025-09-16 04:00:00+00:00,1080.0,1082.0,1076.0,1078.0,26979839
2025-09-16 05:00:00+00:00,1076.0,1079.0,1075.0,1079.0,44646329
2025-09-17 00:00:00+00:00,1104.0,1107.0,1089.0,1090.0,130223473
2025-09-17 01:00:00+00:00,1110.0,1112.0,1101.0,1104.0,46760632
2025-09-17 02:00:00+00:00,1101.0,1111.0,1101.0,1110.0,29535633
2025-09-17 03:00:00+00:00,1098.0,1106.0,1096.0,1101.0,32213078
2025-09-17 04:00:00+00:00,1098.0,1099.0,1094.0,1098.0,25120669
2025-09-17 05:00:00+00:00,1105.0,1108.0,1098.0,1099.0,34807087
2025-09-18 00:00:00+00:00,1091.0,1100.0,1088.0,1090.0,112348121
2025-09-18 01:00:00+00:00,1081.0,1092.0,1079.0,1091.0,75557055
2025-09-18 02:00:00+00:00,1075.0,1086.0,1074.0,1081.0,43516627
2025-09-18 03:00:00+00:00,1067.0,1077.0,1067.0,1075.0,50325375
2025-09-18 04:00:00+00:00,1069.0,1072.0,1065.0,1068.0,38318755
2025-09-18 05:00:00+00:00,1069.0,1071.0,1065.0,1069.0,30202972
2025-09-19 00:00:00+00:00,1076.0,1077.0,1058.0,1063.0,134086155
2025-09-19 01:00:00+00:00,1076.0,1080.0,1073.0,1077.0,47408761
2025-09-19 02:00:00+00:00,1076.0,1078.0,1071.0,1076.0,29306292
2025-09-19 03:00:00+00:00,1078.0,1079.0,1072.0,1076.0,16209561
2025-09-19 04:00:00+00:00,1079.0,1081.0,1077.0,1078.0,18956062
2025-09-19 05:00:00+00:00,1079.0,1081.0,1075.0,1078.0,23092070
2025-09-22 00:00:00+00:00,1055.0,1064.0,1044.0,1063.0,0
2025-09-22 01:00:00+00:00,1046.0,1055.0,1045.0,1054.0,58632886
2025-09-22 02:00:00+00:00,1047.0,1051.0,1045.0,1046.0,19689410
2025-09-22 03:00:00+00:00,1045.0,1051.0,1042.0,1047.0,29163978
2025-09-22 04:00:00+00:00,1056.0,1059.0,1045.0,1045.0,35759092
2025-09-22 05:00:00+00:00,1053.0,1057.0,1053.0,1057.0,12564548
2025-09-23 00:00:00+00:00,1045.0,1047.0,1032.0,1037.0,122273376
2025-09-23 01:00:00+00:00,1053.0,1053.0,1044.0,1045.0,55330649
2025-09-23 02:00:00+00:00,1044.0,1053.0,1042.0,1053.0,33209854
2025-09-23 03:00:00+00:00,1037.0,1047.0,1037.0,1045.0,37536782
2025-09-23 04:00:00+00:00,1036.0,1042.0,1035.0,1038.0,30199713
2025-09-23 05:00:00+00:00,1038.0,1038.0,1035.0,1036.0,21301408
2025-09-24 00:00:00+00:00,1046.0,1049.0,1031.0,1038.0,135936353
2025-09-24 01:00:00+00:00,1058.0,1059.0,1042.0,1046.0,61997085
2025-09-24 02:00:00+00:00,1060.0,1063.0,1057.0,1058.0,48848949
2025-09-24 03:00:00+00:00,1059.0,1064.0,1058.0,1061.0,26255579
2025-09-24 04:00:00+00:00,1049.0,1059.0,1048.0,1059.0,41882493
2025-09-24 05:00:00+00:00,1047.0,1051.0,1043.0,1049.0,49610861
2025-09-25 00:00:00+00:00,1044.0,1059.0,1043.0,1056.0,149549303
2025-09-25 01:00:00+00:00,1044.0,1048.0,1039.0,1045.0,71116166
2025-09-25 02:00:00+00:00,1043.0,1048.0,1039.0,1044.0,47410280
2025-09-25 03:00:00+00:00,1044.0,1047.0,1041.0,1043.0,18852541
2025-09-25 04:00:00+00:00,1050.0,1050.0,1043.0,1044.0,21991819
2025-09-25 05:00:00+00:00,1046.0,1050.0,1045.0,1050.0,37061741
2025-09-26 00:00:00+00:00,1081.0,1090.0,1044.0,1063.0,183757578
2025-09-26 01:00:00+00:00,1092.0,1092.0,1079.0,1082.0,61929470
2025-09-26 02:00:00+00:00,1098.0,1098.0,1087.0,1092.0,57512832
2025-09-26 03:00:00+00:00,1102.0,1104.0,1095.0,1098.0,51673888
2025-09-26 04:00:00+00:00,1109.0,1110.0,1101.0,1103.0,57555060
2025-09-26 05:00:00+00:00,1098.0,1111.0,1094.0,1109.0,62517858
2025-09-29 00:00:00+00:00,1062.0,1080.0,1058.0,1077.0,0
2025-09-29 01:00:00+00:00,1067.0,1070.0,1058.0,1062.0,62430763
2025-09-29 02:00:00+00:00,1062.0,1069.0,1061.0,1067.0,18467714
2025-09-29 03:00:00+00:00,1063.0,1065.0,1061.0,1063.0,13934640
2025-09-29 04:00:00+00:00,1060.0,1065.0,1057.0,1063.0,28678077
2025-09-29 05:00:00+00:00,1059.0,1061.0,1057.0,1060.0,16549498
2025-09-30 00:00:00+00:00,1061.0,1067.0,1056.0,1061.0,129051439
2025-09-30 01:00:00+00:00,1064.0,1072.0,1060.0,1062.0,63546448
2025-09-30 02:00:00+00:00,1063.0,1068.0,1062.0,1064.0,27111971
2025-09-30 03:00:00+00:00,1066.0,1067.0,1061.0,1063.0,18676528
2025-09-30 04:00:00+00:00,1067.0,1068.0,1064.0,1066.0,19653228
2025-09-30 05:00:00+00:00,1068.0,1069.0,1063.0,1067.0,22172356
2025-10-01 00:00:00+00:00,1054.0,1058.0,1042.0,1058.0,140307473
2025-10-01 01:00:00+00:00,1045.0,1054.0,1041.0,1054.0,68911387
2025-10-01 02:00:00+00:00,1050.0,1051.0,1045.0,1045.0,25074450
2025-10-01 03:00:00+00:00,1051.0,1054.0,1049.0,1050.0,22986043
2025-10-01 04:00:00+00:00,1046.0,1052.0,1045.0,1051.0,31087517
2025-10-01 05:00:00+00:00,1046.0,1048.0,1043.0,1046.0,33156888
2025-10-02 00:00:00+00:00,976.0,1002.0,975.0,993.0,304185043
2025-10-02 01:00:00+00:00,967.0,983.0,963.0,976.0,150459368
2025-10-02 02:00:00+00:00,967.0,970.0,961.0,967.0,61155781
2025-10-02 03:00:00+00:00,969.0,972.0,966.0,967.0,50123474
2025-10-02 04:00:00+00:00,972.0,972.0,964.0,969.0,38874904
2025-10-02 05:00:00+00:00,972.0,977.0,970.0,972.0,61436966
2025-10-10 00:00:00+00:00,931.0,958.0,926.0,940.0,0
2025-10-10 01:00:00+00:00,935.0,936.0,923.0,930.0,76585879
2025-10-10 02:00:00+00:00,939.0,946.0,935.0,936.0,60015640
2025-10-10 03:00:00+00:00,937.0,943.0,937.0,939.0,33277575
2025-10-10 04:00:00+00:00,942.0,944.0,936.0,937.0,27897391
2025-10-10 05:00:00+00:00,936.0,944.0,935.0,942.0,33329831
2025-10-13 00:00:00+00:00,958.0,987.0,957.0,971.0,0
2025-10-13 01:00:00+00:00,955.0,964.0,954.0,958.0,75044905
2025-10-13 02:00:00+00:00,966.0,967.0,953.0,955.0,49036714
2025-10-13 03:00:00+00:00,971.0,972.0,961.0,966.0,53628723
2025-10-13 04:00:00+00:00,969.0,974.0,968.0,970.0,39146037
2025-10-13 05:00:00+00:00,958.0,970.0,956.0,969.0,43288441
2025-10-14 00:00:00+00:00,931.0,945.0,914.0,940.0,268538086
2025-10-14 01:00:00+00:00,935.0,945.0,925.0,931.0,110527366
2025-10-14 02:00:00+00:00,946.0,947.0,933.0,935.0,42305895
2025-10-14 03:00:00+00:00,951.0,952.0,944.0,946.0,39477019
2025-10-14 04:00:00+00:00,970.0,985.0,950.0,950.0,215910556
2025-10-14 05:00:00+00:00,975.0,979.0,963.0,970.0,116831878
2025-10-15 00:00:00+00:00,945.0,963.0,944.0,959.0,148662505
2025-10-15 01:00:00+00:00,942.0,950.0,939.0,945.0,75263521
2025-10-15 02:00:00+00:00,934.0,943.0,932.0,943.0,69543220
2025-10-15 03:00:00+00:00,928.0,935.0,927.0,934.0,54232303
2025-10-15 04:00:00+00:00,925.0,932.0,925.0,927.0,36075303
2025-10-15 05:00:00+00:00,916.0,926.0,915.0,926.0,93421705
2025-10-16 00:00:00+00:00,880.0,913.0,877.0,913.0,292524454
2025-10-16 01:00:00+00:00,883.0,887.0,876.0,880.0,95649051
2025-10-16 02:00:00+00:00,875.0,886.0,873.0,882.0,91162543
2025-10-16 03:00:00+00:00,876.0,883.0,873.0,874.0,59513415
2025-10-16 04:00:00+00:00,873.0,876.0,870.0,876.0,80330830
2025-10-16 05:00:00+00:00,875.0,875.0,870.0,873.0,52178701
2025-10-17 00:00:00+00:00,869.0,880.0,867.0,877.0,192577007
2025-10-17 01:00:00+00:00,846.0,870.0,839.0,869.0,195287131
2025-10-17 02:00:00+00:00,864.0,867.0,845.0,846.0,168420109
2025-10-17 03:00:00+00:00,864.0,867.0,853.0,864.0,91013861
2025-10-17 04:00:00+00:00,858.0,865.0,854.0,863.0,62400397
2025-10-17 05:00:00+00:00,864.0,866.0,856.0,858.0,88888669
2025-10-20 00:00:00+00:00,856.0,876.0,848.0,848.0,0
2025-10-20 01:00:00+00:00,848.0,858.0,847.0,856.0,84442980
2025-10-20 02:00:00+00:00,838.0,848.0,835.0,848.0,92439999
2025-10-20 03:00:00+00:00,836.0,840.0,835.0,838.0,46809009
2025-10-20 04:00:00+00:00,839.0,848.0,835.0,836.0,73722508
2025-10-20 05:00:00+00:00,834.0,840.0,831.0,840.0,70224105
2025-10-21 00:00:00+00:00,797.0,817.0,793.0,816.0,288192912
2025-10-21 01:00:00+00:00,800.0,802.0,795.0,797.0,85230741
2025-10-21 02:00:00+00:00,819.0,820.0,799.0,800.0,140830093
2025-10-21 03:00:00+00:00,821.0,824.0,811.0,819.0,115887325
2025-10-21 04:00:00+00:00,827.0,831.0,821.0,821.0,161171885
2025-10-21 05:00:00+00:00,830.0,834.0,824.0,827.0,119133164
2025-10-22 00:00:00+00:00,847.0,849.0,829.0,833.0,271428023
2025-10-22 01:00:00+00:00,834.0,849.0,832.0,846.0,114165177
2025-10-22 02:00:00+00:00,828.0,836.0,826.0,835.0,69250816
2025-10-22 03:00:00+00:00,829.0,835.0,827.0,828.0,61745565
2025-10-22 04:00:00+00:00,817.0,829.0,816.0,829.0,92511335
2025-10-22 05:00:00+00:00,816.0,818.0,813.0,817.0,53288866
2025-10-23 00:00:00+00:00,821.0,839.0,819.0,832.0,222514037
2025-10-23 01:00:00+00:00,809.0,822.0,805.0,821.0,126236692
2025-10-23 02:00:00+00:00,803.0,810.0,800.0,808.0,78989965
2025-10-23 03:00:00+00:00,820.0,822.0,801.0,803.0,130183424
2025-10-23 04:00:00+00:00,826.0,834.0,818.0,820.0,142541495
2025-10-23 05:00:00+00:00,820.0,830.0,819.0,827.0,79004373
2025-10-24 00:00:00+00:00,799.0,811.0,797.0,805.0,203391630
2025-10-24 01:00:00+00:00,792.0,808.0,791.0,799.0,187513485
2025-10-24 02:00:00+00:00,792.0,794.0,788.0,792.0,80348462
2025-10-24 03:00:00+00:00,789.0,793.0,787.0,792.0,53861473
2025-10-24 04:00:00+00:00,787.0,794.0,785.0,789.0,68502490
2025-10-24 05:00:00+00:00,783.0,787.0,782.0,787.0,58242040
2025-10-27 00:00:00+00:00,744.0,759.0,741.0,755.0,0
2025-10-27 01:00:00+00:00,745.0,761.0,743.0,744.0,184373690
2025-10-27 02:00:00+00:00,746.0,747.0,742.0,745.0,57985280
2025-10-27 03:00:00+00:00,750.0,750.0,743.0,745.0,50194535
2025-10-27 04:00:00+00:00,747.0,755.0,747.0,749.0,84702682
2025-10-27 05:00:00+00:00,742.0,748.0,742.0,748.0,67270759
2025-10-28 00:00:00+00:00,761.0,765.0,750.0,752.0,306620449
2025-10-28 01:00:00+00:00,760.0,770.0,759.0,761.0,130003996
2025-10-28 02:00:00+00:00,758.0,765.0,756.0,760.0,88668364
2025-10-28 03:00:00+00:00,762.0,763.0,757.0,758.0,46322123
2025-10-28 04:00:00+00:00,763.0,765.0,761.0,763.0,48122178
2025-10-28 05:00:00+00:00,758.0,769.0,758.0,764.0,85515352
2025-10-29 00:00:00+00:00,749.0,758.0,735.0,738.0,270549626
2025-10-29 01:00:00+00:00,729.0,749.0,727.0,749.0,165433047
2025-10-29 02:00:00+00:00,731.0,735.0,724.0,728.0,96794622
2025-10-29 03:00:00+00:00,732.0,735.0,728.0,730.0,44281674
2025-10-29 04:00:00+00:00,742.0,743.0,731.0,732.0,87426239
2025-10-29 05:00:00+00:00,730.0,744.0,728.0,742.0,89058890
2025-10-30 00:00:00+00:00,709.0,716.0,696.0,710.0,426194282
2025-10-30 01:00:00+00:00,709.0,725.0,704.0,708.0,232082710
2025-10-30 02:00:00+00:00,703.0,709.0,699.0,709.0,142908369
2025-10-30 03:00:00+00:00,702.0,708.0,698.0,703.0,99806548
2025-10-30 04:00:00+00:00,718.0,721.0,700.0,701.0,256346654
2025-10-30 05:00:00+00:00,710.0,722.0,708.0,717.0,101224627
2025-10-31 00:00:00+00:00,713.0,727.0,707.0,716.0,284557384
2025-10-31 01:00:00+00:00,703.0,718.0,703.0,713.0,127307694
2025-10-31 02:00:00+00:00,706.0,708.0,701.0,703.0,86121783
2025-10-31 03:00:00+00:00,705.0,713.0,703.0,707.0,70752059
2025-10-31 04:00:00+00:00,703.0,707.0,701.0,704.0,73362564
2025-10-31 05:00:00+00:00,710.0,710.0,701.0,703.0,60460332
2025-11-03 00:00:00+00:00,681.0,703.0,679.0,702.0,0
2025-11-03 01:00:00+00:00,671.0,681.0,668.0,681.0,175783847
2025-11-03 02:00:00+00:00,665.0,674.0,663.0,672.0,113717822
2025-11-03 03:00:00+00:00,663.0,669.0,660.0,665.0,128376085
2025-11-03 04:00:00+00:00,662.0,672.0,662.0,663.0,147277556
2025-11-03 05:00:00+00:00,663.0,665.0,659.0,662.0,102501867
2025-11-04 00:00:00+00:00,667.0,680.0,657.0,661.0,384716980
2025-11-04 01:00:00+00:00,677.0,680.0,666.0,667.0,156599690
2025-11-04 02:00:00+00:00,690.0,691.0,677.0,677.0,145093255
2025-11-04 03:00:00+00:00,687.0,691.0,680.0,690.0,122060406
2025-11-04 04:00:00+00:00,687.0,691.0,684.0,686.0,85063354
2025-11-04 05:00:00+00:00,694.0,696.0,685.0,686.0,100437333
2025-11-05 00:00:00+00:00,757.0,765.0,718.0,719.0,699154913
2025-11-05 01:00:00+00:00,766.0,785.0,756.0,757.0,384390676
2025-11-05 02:00:00+00:00,747.0,770.0,745.0,766.0,237837494
2025-11-05 03:00:00+00:00,728.0,751.0,722.0,747.0,342971773
2025-11-05 04:00:00+00:00,746.0,748.0,729.0,729.0,232224942
2025-11-05 05:00:00+00:00,744.0,748.0,732.0,747.0,167471028
2025-11-06 00:00:00+00:00,719.0,732.0,693.0,698.0,532741700
2025-11-06 01:00:00+00:00,725.0,745.0,719.0,719.0,323578083
2025-11-06 02:00:00+00:00,716.0,735.0,714.0,725.0,175380706
2025-11-06 03:00:00+00:00,713.0,717.0,706.0,716.0,131455944
2025-11-06 04:00:00+00:00,712.0,719.0,707.0,713.0,136471636
2025-11-06 05:00:00+00:00,725.0,726.0,708.0,712.0,131151292
2025-11-07 00:00:00+00:00,735.0,756.0,722.0,754.0,641490364
2025-11-07 01:00:00+00:00,747.0,753.0,733.0,735.0,265475794
2025-11-07 02:00:00+00:00,759.0,764.0,746.0,747.0,268651622
2025-11-07 03:00:00+00:00,764.0,769.0,755.0,759.0,166399848
2025-11-07 04:00:00+00:00,773.0,777.0,762.0,765.0,154199348
2025-11-07 05:00:00+00:00,751.0,774.0,750.0,772.0,229865196
2025-11-10 00:00:00+00:00,724.0,741.0,715.0,734.0,0
2025-11-10 01:00:00+00:00,710.0,724.0,708.0,723.0,242843107
2025-11-10 02:00:00+00:00,709.0,713.0,706.0,710.0,116136808
2025-11-10 03:00:00+00:00,706.0,709.0,703.0,708.0,85712292
2025-11-10 04:00:00+00:00,701.0,708.0,699.0,706.0,108048023
2025-11-10 05:00:00+00:00,702.0,703.0,696.0,701.0,120290289
2025-11-11 00:00:00+00:00,665.0,687.0,660.0,685.0,471279125
2025-11-11 01:00:00+00:00,674.0,674.0,662.0,665.0,252615335
2025-11-11 02:00:00+00:00,682.0,686.0,672.0,674.0,214240190
2025-11-11 03:00:00+00:00,678.0,688.0,676.0,682.0,191245661
2025-11-11 04:00:00+00:00,698.0,698.0,678.0,678.0,181545155
2025-11-11 05:00:00+00:00,700.0,706.0,693.0,698.0,251789154
2025-11-12 00:00:00+00:00,691.0,702.0,685.0,695.0,404184418
2025-11-12 01:00:00+00:00,682.0,694.0,678.0,691.0,180969771
2025-11-12 02:00:00+00:00,683.0,684.0,674.0,681.0,166198861
2025-11-12 03:00:00+00:00,677.0,685.0,677.0,683.0,72584384
2025-11-12 04:00:00+00:00,680.0,684.0,677.0,678.0,64702736
2025-11-12 05:00:00+00:00,679.0,682.0,676.0,680.0,64005757
2025-11-13 01:00:00+00:00,678.0,689.0,672.0,687.0,299037136
2025-11-13 02:00:00+00:00,683.0,684.0,676.0,678.0,92826682
2025-11-13 03:00:00+00:00,679.0,685.0,676.0,682.0,60589947
2025-11-13 04:00:00+00:00,673.0,682.0,671.0,679.0,113012145
2025-11-13 05:00:00+00:00,672.0,673.0,668.0,673.0,99043538
2025-11-14 00:00:00+00:00,714.0,717.0,703.0,709.0,428679055
2025-11-14 01:00:00+00:00,711.0,716.0,705.0,714.0,198728183
2025-11-14 02:00:00+00:00,711.0,715.0,708.0,710.0,96648753
2025-11-14 03:00:00+00:00,712.0,713.0,706.0,711.0,84286954
2025-11-14 04:00:00+00:00,724.0,724.0,710.0,712.0,139647524
2025-11-14 05:00:00+00:00,725.0,729.0,722.0,723.0,128523160
2025-11-17 00:00:00+00:00,708.0,717.0,700.0,705.0,0
2025-11-17 01:00:00+00:00,705.0,715.0,701.0,708.0,171380390
2025-11-17 02:00:00+00:00,706.0,709.0,699.0,705.0,111030570
2025-11-17 03:00:00+00:00,705.0,712.0,701.0,706.0,91623175
2025-11-17 04:00:00+00:00,702.0,705.0,699.0,705.0,94377682
2025-11-17 05:00:00+00:00,702.0,703.0,698.0,701.0,75293688
2025-11-18 00:00:00+00:00,727.0,730.0,705.0,718.0,395545130
2025-11-18 01:00:00+00:00,728.0,731.0,717.0,728.0,189305374
2025-11-18 02:00:00+00:00,731.0,732.0,725.0,728.0,114309593
2025-11-18 03:00:00+00:00,738.0,740.0,731.0,732.0,121257511
2025-11-18 04:00:00+00:00,745.0,749.0,738.0,738.0,142374342
2025-11-18 05:00:00+00:00,746.0,748.0,741.0,745.0,100879476
2025-11-19 00:00:00+00:00,763.0,787.0,740.0,740.0,668807718
2025-11-19 01:00:00+00:00,750.0,769.0,749.0,764.0,318275436
2025-11-19 02:00:00+00:00,748.0,754.0,743.0,750.0,168484079
2025-11-19 03:00:00+00:00,760.0,763.0,744.0,748.0,146710572
2025-11-19 04:00:00+00:00,759.0,763.0,752.0,760.0,126013078
2025-11-19 05:00:00+00:00,761.0,767.0,753.0,759.0,124549175
2025-11-20 00:00:00+00:00,725.0,726.0,705.0,711.0,479022387
2025-11-20 01:00:00+00:00,711.0,728.0,710.0,725.0,173555311
2025-11-20 02:00:00+00:00,706.0,715.0,704.0,711.0,156995487
2025-11-20 03:00:00+00:00,705.0,707.0,701.0,707.0,91566075
2025-11-20 04:00:00+00:00,705.0,709.0,703.0,705.0,81214186
2025-11-20 05:00:00+00:00,716.0,718.0,704.0,705.0,148475274
2025-11-21 00:00:00+00:00,781.0,792.0,775.0,784.0,559390861
2025-11-21 01:00:00+00:00,783.0,785.0,776.0,781.0,132102810
2025-11-21 02:00:00+00:00,790.0,790.0,781.0,782.0,103006705
2025-11-21 03:00:00+00:00,787.0,791.0,782.0,789.0,76946809
2025-11-21 04:00:00+00:00,787.0,794.0,785.0,787.0,88605197
2025-11-21 05:00:00+00:00,786.0,788.0,783.0,787.0,73667530
2025-11-24 00:00:00+00:00,764.0,780.0,757.0,759.0,0
2025-11-24 01:00:00+00:00,759.0,769.0,757.0,764.0,200043738
2025-11-24 02:00:00+00:00,755.0,766.0,753.0,759.0,133996417
2025-11-24 03:00:00+00:00,769.0,771.0,753.0,755.0,126122621
2025-11-24 04:00:00+00:00,787.0,787.0,768.0,769.0,146597214
2025-11-24 05:00:00+00:00,779.0,789.0,774.0,787.0,114981660
2025-11-25 00:00:00+00:00,752.0,763.0,737.0,740.0,355406226
2025-11-25 01:00:00+00:00,767.0,769.0,751.0,752.0,133838146
2025-11-25 02:00:00+00:00,763.0,771.0,760.0,767.0,93624523
2025-11-25 03:00:00+00:00,786.0,787.0,758.0,763.0,134951948
2025-11-25 04:00:00+00:00,778.0,787.0,775.0,786.0,146720329
2025-11-25 05:00:00+00:00,774.0,780.0,772.0,778.0,92321446
2025-11-26 00:00:00+00:00,761.0,774.0,757.0,761.0,280117586
2025-11-26 01:00:00+00:00,746.0,762.0,743.0,761.0,208759557
2025-11-26 02:00:00+00:00,749.0,753.0,745.0,746.0,91771439
2025-11-26 03:00:00+00:00,744.0,749.0,740.0,749.0,80177523
2025-11-26 04:00:00+00:00,745.0,747.0,742.0,744.0,55928468
2025-11-26 05:00:00+00:00,735.0,746.0,735.0,746.0,100266336
2025-11-27 00:00:00+00:00,710.0,724.0,708.0,721.0,335203826
2025-11-27 01:00:00+00:00,713.0,716.0,706.0,710.0,116642520
2025-11-27 02:00:00+00:00,723.0,724.0,712.0,714.0,131243024
2025-11-27 03:00:00+00:00,725.0,728.0,722.0,722.0,93693838
2025-11-27 04:00:00+00:00,724.0,732.0,721.0,725.0,93078294
2025-11-27 05:00:00+00:00,724.0,729.0,721.0,725.0,78358581
2025-11-28 00:00:00+00:00,737.0,739.0,715.0,716.0,304427458
2025-11-28 01:00:00+00:00,735.0,742.0,732.0,737.0,116542195
2025-11-28 02:00:00+00:00,738.0,741.0,734.0,735.0,68565215
2025-11-28 03:00:00+00:00,743.0,745.0,738.0,738.0,61084094
2025-11-28 04:00:00+00:00,743.0,746.0,740.0,742.0,49544598
2025-11-28 05:00:00+00:00,746.0,746.0,741.0,744.0,41698188
2025-12-01 00:00:00+00:00,758.0,762.0,724.0,729.0,0
2025-12-01 01:00:00+00:00,741.0,761.0,740.0,758.0,169482586
2025-12-01 02:00:00+00:00,748.0,752.0,738.0,742.0,111041794
2025-12-01 03:00:00+00:00,742.0,751.0,742.0,748.0,83602153
2025-12-01 04:00:00+00:00,746.0,746.0,741.0,742.0,65086241
2025-12-01 05:00:00+00:00,749.0,756.0,744.0,746.0,98354707
2025-12-02 00:00:00+00:00,723.0,742.0,722.0,739.0,350093108
2025-12-02 01:00:00+00:00,723.0,725.0,720.0,722.0,110060728
2025-12-02 02:00:00+00:00,718.0,724.0,717.0,723.0,112553260
2025-12-02 03:00:00+00:00,717.0,726.0,716.0,718.0,118610377
2025-12-02 04:00:00+00:00,717.0,719.0,714.0,718.0,83165719
2025-12-02 05:00:00+00:00,719.0,721.0,716.0,718.0,57139917
2025-12-03 00:00:00+00:00,705.0,721.0,700.0,711.0,301942789
2025-12-03 01:00:00+00:00,697.0,706.0,694.0,705.0,184237367
2025-12-03 02:00:00+00:00,702.0,703.0,697.0,698.0,86113142
2025-12-03 03:00:00+00:00,696.0,706.0,694.0,701.0,95591318
2025-12-03 04:00:00+00:00,699.0,700.0,695.0,697.0,39881030
2025-12-03 05:00:00+00:00,700.0,701.0,695.0,699.0,51126229
2025-12-04 00:00:00+00:00,717.0,719.0,706.0,709.0,203426677
2025-12-04 01:00:00+00:00,719.0,720.0,711.0,717.0,88710620
2025-12-04 02:00:00+00:00,718.0,724.0,715.0,719.0,90954527
2025-12-04 03:00:00+00:00,716.0,721.0,716.0,718.0,47641604
2025-12-04 04:00:00+00:00,712.0,717.0,711.0,716.0,74190524
2025-12-04 05:00:00+00:00,710.0,715.0,710.0,712.0,50372232
2025-12-05 00:00:00+00:00,701.0,716.0,699.0,711.0,279766860
2025-12-05 01:00:00+00:00,696.0,702.0,692.0,701.0,158171034
2025-12-05 02:00:00+00:00,692.0,699.0,692.0,696.0,61496248
2025-12-05 03:00:00+00:00,690.0,695.0,688.0,692.0,68629306
2025-12-05 04:00:00+00:00,691.0,693.0,688.0,689.0,46296981
2025-12-05 05:00:00+00:00,681.0,691.0,680.0,691.0,81434655
2025-12-08 00:00:00+00:00,681.0,688.0,674.0,675.0,0
2025-12-08 01:00:00+00:00,681.0,682.0,675.0,681.0,85188093
2025-12-08 02:00:00+00:00,673.0,683.0,673.0,680.0,57827483
2025-12-08 03:00:00+00:00,674.0,677.0,673.0,674.0,31958126
2025-12-08 04:00:00+00:00,667.0,677.0,665.0,674.0,92889555
2025-12-08 05:00:00+00:00,667.0,670.0,666.0,667.0,63467834
2025-12-09 00:00:00+00:00,669.0,671.0,660.0,666.0,205491095
2025-12-09 01:00:00+00:00,670.0,671.0,666.0,668.0,59940957
2025-12-09 02:00:00+00:00,672.0,673.0,667.0,670.0,55213570
2025-12-09 03:00:00+00:00,669.0,674.0,669.0,672.0,40059867
2025-12-09 04:00:00+00:00,668.0,671.0,666.0,669.0,49659807
2025-12-09 05:00:00+00:00,666.0,670.0,663.0,668.0,48273492
2025-12-10 00:00:00+00:00,668.0,669.0,654.0,664.0,268776076
2025-12-10 01:00:00+00:00,671.0,672.0,665.0,668.0,109658927
2025-12-10 02:00:00+00:00,662.0,672.0,662.0,671.0,65483917
2025-12-10 03:00:00+00:00,659.0,663.0,659.0,663.0,47194551
2025-12-10 04:00:00+00:00,664.0,665.0,658.0,660.0,51433607
2025-12-10 05:00:00+00:00,671.0,672.0,664.0,664.0,66976641
2025-12-11 00:00:00+00:00,660.0,663.0,654.0,658.0,224443084
2025-12-11 01:00:00+00:00,661.0,662.0,656.0,660.0,69389424
2025-12-11 02:00:00+00:00,676.0,676.0,661.0,661.0,101443984
2025-12-11 03:00:00+00:00,674.0,680.0,672.0,676.0,158538841
2025-12-11 04:00:00+00:00,674.0,676.0,669.0,674.0,88585980
2025-12-11 05:00:00+00:00,676.0,676.0,671.0,674.0,62850654
2025-12-12 00:00:00+00:00,666.0,679.0,662.0,675.0,249557974
2025-12-12 01:00:00+00:00,660.0,668.0,660.0,665.0,119926636
2025-12-12 02:00:00+00:00,666.0,668.0,659.0,660.0,66335460
2025-12-12 03:00:00+00:00,672.0,673.0,666.0,666.0,80155516
2025-12-12 04:00:00+00:00,667.0,673.0,665.0,672.0,48284737
2025-12-12 05:00:00+00:00,665.0,668.0,662.0,667.0,48933823
2025-12-15 00:00:00+00:00,687.0,697.0,683.0,692.0,0
2025-12-15 01:00:00+00:00,685.0,690.0,684.0,687.0,90545638
2025-12-15 02:00:00+00:00,685.0,687.0,680.0,686.0,58896743
2025-12-15 03:00:00+00:00,688.0,693.0,684.0,684.0,81827580
2025-12-15 04:00:00+00:00,682.0,691.0,681.0,688.0,74434009
2025-12-15 05:00:00+00:00,684.0,685.0,681.0,681.0,44719344
2025-12-16 00:00:00+00:00,706.0,707.0,688.0,693.0,288728463
2025-12-16 01:00:00+00:00,715.0,717.0,704.0,706.0,154894692
2025-12-16 02:00:00+00:00,717.0,718.0,712.0,714.0,94122239
2025-12-16 03:00:00+00:00,713.0,720.0,710.0,717.0,80382227
2025-12-16 04:00:00+00:00,714.0,719.0,710.0,712.0,64033572
2025-12-16 05:00:00+00:00,720.0,720.0,712.0,714.0,96862169
2025-12-17 00:00:00+00:00,718.0,724.0,711.0,714.0,253312661
2025-12-17 01:00:00+00:00,709.0,718.0,706.0,718.0,143672619
2025-12-17 02:00:00+00:00,707.0,712.0,705.0,709.0,86190789
2025-12-17 03:00:00+00:00,707.0,711.0,705.0,707.0,63342428
2025-12-17 04:00:00+00:00,712.0,712.0,702.0,707.0,91523520
2025-12-17 05:00:00+00:00,699.0,714.0,697.0,712.0,122279644
2025-12-18 00:00:00+00:00,704.0,720.0,700.0,715.0,420550987
2025-12-18 01:00:00+00:00,710.0,714.0,702.0,703.0,123974342
2025-12-18 02:00:00+00:00,712.0,713.0,704.0,710.0,86094438
2025-12-18 03:00:00+00:00,720.0,722.0,712.0,712.0,100238112
2025-12-18 04:00:00+00:00,711.0,720.0,708.0,720.0,93770907
2025-12-18 05:00:00+00:00,705.0,711.0,703.0,711.0,78061896
2025-12-19 00:00:00+00:00,703.0,708.0,687.0,689.0,231001681
2025-12-19 01:00:00+00:00,704.0,710.0,702.0,703.0,82135882
2025-12-19 02:00:00+00:00,704.0,707.0,699.0,705.0,59143619
2025-12-19 03:00:00+00:00,697.0,705.0,694.0,704.0,111767366
2025-12-19 04:00:00+00:00,699.0,701.0,694.0,697.0,81462674
2025-12-19 05:00:00+00:00,699.0,701.0,694.0,699.0,81159358
2025-12-22 00:00:00+00:00,674.0,678.0,669.0,674.0,0
2025-12-22 01:00:00+00:00,675.0,679.0,671.0,674.0,73890726
2025-12-22 02:00:00+00:00,673.0,676.0,671.0,675.0,43440639
2025-12-22 03:00:00+00:00,675.0,677.0,671.0,673.0,43724835
2025-12-22 04:00:00+00:00,675.0,677.0,674.0,676.0,20209581
2025-12-22 05:00:00+00:00,671.0,676.0,670.0,675.0,46671382
2025-12-23 00:00:00+00:00,661.0,667.0,655.0,665.0,256423629
2025-12-23 01:00:00+00:00,661.0,662.0,656.0,662.0,68317491
2025-12-23 02:00:00+00:00,663.0,664.0,658.0,661.0,36711818
2025-12-23 03:00:00+00:00,666.0,667.0,661.0,663.0,46193210
2025-12-23 04:00:00+00:00,661.0,667.0,660.0,666.0,41515723
2025-12-23 05:00:00+00:00,663.0,665.0,660.0,662.0,26357311
2025-12-24 00:00:00+00:00,661.0,663.0,657.0,659.0,143777992
2025-12-24 01:00:00+00:00,660.0,663.0,657.0,661.0,53286337
2025-12-24 02:00:00+00:00,661.0,662.0,658.0,660.0,37151654
2025-12-24 03:00:00+00:00,661.0,663.0,659.0,661.0,29963119
2025-12-24 04:00:00+00:00,665.0,666.0,660.0,661.0,42639614
2025-12-24 05:00:00+00:00,665.0,666.0,663.0,666.0,34530068
